account length,international plan,voice mail plan,total day charge,total intl calls,customer service calls,churn
128,no,yes,45.07,3,1,FALSE
107,no,yes,27.47,3,1,FALSE
137,no,no,41.38,5,0,FALSE
84,yes,no,50.9,7,2,FALSE
75,yes,no,28.34,3,3,FALSE
118,yes,no,37.98,6,0,FALSE
121,no,yes,37.09,7,3,FALSE
147,yes,no,26.69,6,0,FALSE
117,no,no,31.37,4,1,FALSE
141,yes,yes,43.96,5,0,FALSE
74,no,no,31.91,5,0,FALSE
168,no,no,21.9,2,1,FALSE
95,no,no,26.62,5,3,FALSE
62,no,no,20.52,6,4,FALSE
85,no,yes,33.39,4,1,FALSE
93,no,no,32.42,3,3,FALSE
76,no,yes,32.25,5,1,FALSE
73,no,no,38.15,2,1,FALSE
147,no,no,26.37,4,0,FALSE
130,no,no,31.11,19,0,FALSE
111,no,no,18.77,6,2,FALSE
132,no,no,13.79,2,0,FALSE
174,no,no,21.13,5,3,FALSE
57,no,yes,36.21,3,0,FALSE
54,no,no,22.83,4,3,FALSE
20,no,no,32.3,6,0,FALSE
49,no,no,20.28,1,1,FALSE
142,no,no,14.42,6,2,FALSE
75,no,no,38.44,5,1,FALSE
172,no,no,36.04,10,3,FALSE
57,no,yes,30.06,4,0,FALSE
72,no,yes,37.4,6,3,FALSE
36,no,yes,24.87,6,0,FALSE
78,no,no,22.24,5,1,FALSE
136,yes,yes,34.66,6,3,FALSE
149,no,no,23.87,9,1,FALSE
98,no,no,21.47,2,3,FALSE
34,no,no,21.22,4,2,FALSE
160,no,no,14.59,4,3,FALSE
64,no,no,26.18,3,1,FALSE
59,no,yes,20.55,5,2,FALSE
65,no,no,35.92,5,3,FALSE
142,no,no,31.79,5,2,FALSE
97,no,yes,22.64,3,1,FALSE
52,no,no,32.62,5,3,FALSE
60,no,no,37.5,3,1,FALSE
10,no,no,31.64,6,2,FALSE
96,no,no,27.23,5,2,FALSE
81,no,no,29.84,3,1,FALSE
141,no,no,21.57,2,1,FALSE
68,no,no,25.3,3,3,FALSE
125,no,no,38.98,8,1,FALSE
174,no,no,32.66,4,1,FALSE
116,no,yes,45.66,3,2,FALSE
74,no,yes,32.93,3,2,FALSE
149,no,yes,30.72,3,3,FALSE
38,no,no,22.3,6,2,FALSE
40,no,yes,25.18,5,2,FALSE
43,yes,no,42.76,4,0,FALSE
113,yes,no,21.28,8,0,FALSE
126,no,no,35.97,1,1,FALSE
138,no,no,41.11,7,3,FALSE
162,no,yes,38.23,2,0,FALSE
147,no,no,42.26,4,3,FALSE
90,no,no,34.58,4,1,FALSE
85,no,no,40.09,3,0,FALSE
50,no,no,26.71,2,1,FALSE
46,no,no,36.4,3,2,FALSE
70,no,no,28.93,2,1,FALSE
144,no,no,34.19,2,1,FALSE
116,yes,no,36.62,5,3,FALSE
55,no,yes,28.15,2,3,FALSE
70,no,yes,42.42,4,1,FALSE
128,no,yes,30.48,7,0,FALSE
111,no,no,36.43,2,1,FALSE
74,no,yes,26.2,9,2,FALSE
82,no,no,24.46,2,1,FALSE
80,no,no,21.13,9,1,FALSE
78,no,no,42.99,7,3,FALSE
90,no,no,30.45,7,3,FALSE
104,no,no,47.33,5,1,FALSE
73,no,no,27.22,4,0,FALSE
99,no,no,33.69,3,4,FALSE
98,no,yes,27.4,8,4,FALSE
108,no,no,30.31,5,0,FALSE
135,no,no,25.79,6,0,FALSE
95,no,no,22.95,9,1,FALSE
122,no,no,28.99,2,1,FALSE
95,no,no,40.48,4,4,FALSE
36,no,yes,47.84,6,2,FALSE
93,no,yes,20.04,3,1,FALSE
141,no,yes,25.26,1,1,FALSE
157,no,no,39.07,7,3,FALSE
120,no,no,28.05,8,1,FALSE
103,no,no,31.45,2,2,FALSE
98,no,no,27.37,4,4,FALSE
125,no,no,21.54,7,1,FALSE
63,no,no,10.01,3,1,FALSE
64,no,no,27.64,3,1,FALSE
112,no,yes,19.33,3,2,FALSE
97,no,no,40.77,5,2,FALSE
46,no,no,35.73,7,1,FALSE
41,no,yes,36.35,3,0,FALSE
121,no,no,32.42,4,3,FALSE
193,no,no,29.05,3,1,FALSE
130,no,no,26.21,5,2,FALSE
85,no,no,34.24,3,1,FALSE
92,no,no,15.59,4,2,FALSE
131,no,yes,36.41,4,3,FALSE
90,no,no,24.74,2,3,FALSE
75,no,no,28.27,5,1,FALSE
78,no,no,39.27,3,1,FALSE
82,no,no,34.05,1,4,FALSE
163,no,no,33.49,10,1,FALSE
91,yes,no,22.08,3,3,FALSE
75,no,yes,29.89,4,5,FALSE
91,no,no,34.53,3,3,FALSE
127,no,yes,31.14,8,1,FALSE
113,no,yes,34.85,5,2,FALSE
110,no,no,25.25,3,1,FALSE
120,no,yes,34.05,4,0,FALSE
157,no,yes,32.74,5,3,FALSE
103,no,no,41.91,4,1,FALSE
140,no,no,39.42,6,3,FALSE
127,no,no,24.94,3,1,FALSE
83,yes,no,46.16,4,1,FALSE
121,no,no,30.86,5,1,FALSE
145,no,yes,43.81,4,2,FALSE
113,no,no,32.95,6,1,FALSE
117,no,no,17.48,7,1,FALSE
65,no,no,31.94,6,1,FALSE
56,no,no,38.42,11,1,FALSE
96,no,no,44.27,4,5,FALSE
151,no,no,30.38,4,0,FALSE
139,no,yes,26.79,2,0,FALSE
6,no,no,31.21,2,1,FALSE
115,no,yes,24.16,4,1,FALSE
87,no,no,23.17,5,0,FALSE
141,no,no,36.91,6,0,FALSE
141,no,yes,31.88,5,3,FALSE
62,no,no,16.81,1,1,FALSE
146,no,no,35.07,3,1,FALSE
92,no,yes,41.33,2,2,FALSE
185,no,yes,32.27,3,1,FALSE
148,no,no,34.34,3,1,FALSE
94,no,yes,28.92,4,1,FALSE
32,no,no,39.25,2,0,FALSE
68,no,no,40.31,2,1,FALSE
64,no,yes,30.96,5,2,FALSE
25,no,no,20.28,4,3,FALSE
65,no,no,19.86,2,1,FALSE
179,no,no,37.26,5,0,FALSE
94,no,no,42.94,7,2,FALSE
62,no,no,25.01,3,0,FALSE
127,no,no,34.36,3,2,FALSE
116,no,no,29.5,10,3,FALSE
70,no,no,39.46,0,3,FALSE
94,yes,yes,33.51,5,4,FALSE
67,no,yes,19.65,12,2,FALSE
19,no,no,31.64,7,2,FALSE
170,yes,no,44.18,3,3,FALSE
73,no,no,36.43,13,1,FALSE
106,no,no,26.98,4,1,FALSE
93,no,no,46.17,3,2,FALSE
164,no,no,27.3,3,1,FALSE
51,no,no,39.51,3,1,FALSE
107,no,no,22.75,4,0,FALSE
130,no,no,30.07,2,1,FALSE
80,no,no,35.68,4,2,FALSE
94,no,no,23.38,2,0,FALSE
118,no,yes,49.22,4,1,FALSE
117,no,yes,33.68,6,1,FALSE
78,no,no,25.45,8,0,FALSE
63,no,no,14.11,3,0,FALSE
53,no,yes,24.77,5,3,FALSE
62,no,no,30.99,1,2,FALSE
97,no,no,37.06,8,3,FALSE
105,no,no,23.9,3,2,FALSE
157,no,no,25.96,4,1,FALSE
66,no,yes,18.14,2,1,FALSE
122,no,no,41.45,8,2,FALSE
38,no,no,33.05,5,3,FALSE
106,no,no,36.36,5,3,FALSE
99,no,no,36.92,7,3,FALSE
99,no,no,40.99,10,1,FALSE
144,yes,no,34.6,11,0,FALSE
82,no,yes,26.38,3,1,FALSE
86,no,yes,28.49,6,1,FALSE
93,no,no,30.48,6,3,FALSE
93,no,no,25.74,3,0,FALSE
120,no,no,30.6,7,3,FALSE
106,no,no,37.91,12,0,FALSE
81,no,no,31.21,6,3,FALSE
127,no,yes,28.22,6,1,FALSE
65,no,no,23.14,2,1,FALSE
35,no,no,25.38,6,2,FALSE
88,no,no,11.12,1,2,FALSE
65,no,no,36.28,4,1,FALSE
123,no,no,35.17,2,3,FALSE
126,no,yes,31.65,3,2,FALSE
104,no,yes,47.63,3,4,FALSE
45,no,yes,33.42,3,0,FALSE
63,yes,yes,33.83,6,1,FALSE
100,no,no,34.53,2,3,FALSE
53,no,no,28.7,2,0,FALSE
92,yes,no,29.43,5,1,FALSE
110,no,yes,34.44,9,2,FALSE
110,no,no,12.67,7,3,FALSE
215,no,no,14.21,9,0,FALSE
73,no,no,32.67,6,1,FALSE
138,no,no,37.43,5,0,FALSE
36,no,no,43.08,2,1,FALSE
85,no,no,38.25,2,3,FALSE
22,no,no,18.75,5,0,FALSE
107,no,yes,10.2,3,0,FALSE
51,no,no,36.52,5,0,FALSE
94,no,no,30.91,2,4,FALSE
119,no,yes,26.18,4,2,FALSE
106,no,no,35.34,7,4,FALSE
82,no,no,35.19,8,3,FALSE
86,no,yes,20.23,3,0,FALSE
97,yes,no,24.43,3,0,FALSE
106,no,yes,28.2,8,4,FALSE
108,no,no,23.56,3,1,FALSE
114,no,no,14.4,8,1,FALSE
59,no,no,26.38,4,1,FALSE
24,no,yes,28.03,9,1,FALSE
151,no,no,22.87,1,1,FALSE
117,no,no,24.36,3,1,FALSE
78,no,no,28.61,1,1,FALSE
155,no,no,44.61,6,2,FALSE
114,no,yes,35.05,6,1,FALSE
114,no,yes,38.39,9,4,FALSE
119,no,no,23.51,6,3,FALSE
64,no,yes,16.05,4,0,FALSE
118,yes,no,27.2,3,2,FALSE
101,no,no,35.12,3,0,FALSE
117,no,no,22.9,3,1,FALSE
49,no,yes,36.45,13,3,FALSE
139,no,no,32.78,3,3,FALSE
92,no,yes,25.69,3,1,FALSE
83,no,no,37.64,5,3,FALSE
148,yes,no,37.21,4,0,FALSE
131,no,yes,32.76,6,2,FALSE
146,yes,no,34.75,6,3,FALSE
143,no,no,29.29,4,2,FALSE
81,no,no,33.73,6,2,FALSE
48,no,yes,35.99,1,1,FALSE
86,no,yes,37.67,2,1,FALSE
71,no,no,33.64,5,3,FALSE
145,no,yes,25.08,3,2,FALSE
137,no,no,35.09,5,2,FALSE
137,no,no,35,4,2,FALSE
167,no,no,35.29,5,0,FALSE
199,no,yes,39.2,2,0,FALSE
132,no,no,16.92,3,0,FALSE
94,no,no,30.11,4,1,FALSE
96,no,yes,29.36,3,1,FALSE
166,no,no,34.71,5,1,FALSE
74,no,no,14.57,5,2,FALSE
36,no,no,26.79,1,0,FALSE
113,no,no,36.64,9,4,FALSE
94,no,no,30.86,5,1,FALSE
67,no,no,29.19,4,2,FALSE
158,no,no,26.86,4,1,FALSE
136,no,no,15.64,10,1,FALSE
196,no,no,39.78,5,2,FALSE
112,no,no,33.05,2,0,FALSE
209,no,no,38.62,4,3,FALSE
110,no,yes,40.17,6,1,FALSE
16,no,no,34.95,3,0,FALSE
73,no,no,16,4,0,FALSE
128,no,no,21.28,2,0,FALSE
39,no,no,10.27,3,1,FALSE
103,no,yes,20.57,4,2,FALSE
119,no,yes,20.03,3,3,FALSE
173,no,yes,39.51,5,3,FALSE
86,no,no,29.97,3,0,FALSE
114,no,yes,21.28,3,1,FALSE
104,no,no,23.58,3,0,FALSE
148,no,no,14.67,4,1,FALSE
129,no,no,35.19,5,3,FALSE
100,no,yes,10,3,0,FALSE
121,no,yes,11.68,4,1,FALSE
143,no,yes,40.66,4,1,FALSE
76,no,no,33.71,3,0,FALSE
158,no,no,34.88,12,0,FALSE
116,no,no,32.66,2,3,FALSE
108,no,no,28.83,4,0,FALSE
66,no,no,34.22,4,1,FALSE
151,no,yes,36.5,4,1,FALSE
99,no,no,28.76,2,0,FALSE
55,no,no,33,7,2,FALSE
77,no,no,39.75,3,2,FALSE
78,no,no,38.27,2,0,FALSE
101,no,no,31.26,11,1,FALSE
44,no,yes,37.71,7,0,FALSE
98,no,yes,10.98,0,2,FALSE
64,no,yes,26.28,3,1,FALSE
141,no,no,44.23,8,3,FALSE
81,no,yes,27.47,5,1,FALSE
162,no,no,37.5,11,1,FALSE
83,no,yes,26.5,5,3,FALSE
59,no,no,31.03,8,4,FALSE
179,yes,yes,37.42,4,4,FALSE
79,no,no,25.87,3,1,FALSE
117,no,no,30.86,9,2,FALSE
31,no,no,28.24,2,1,FALSE
124,yes,no,41.58,4,1,FALSE
122,no,yes,22.81,2,2,FALSE
37,yes,yes,25.45,4,1,FALSE
90,no,yes,25.52,4,1,FALSE
148,no,no,21.15,6,0,FALSE
39,no,yes,24.09,5,1,FALSE
77,no,no,39.1,3,2,FALSE
194,no,no,27.59,2,0,FALSE
112,no,no,32.86,3,4,FALSE
45,no,no,13.29,3,1,FALSE
132,no,no,14.18,5,1,FALSE
128,no,no,33.25,2,0,FALSE
135,no,no,34.31,6,1,FALSE
56,no,no,33.49,6,2,FALSE
32,no,no,28.02,2,2,FALSE
90,no,no,30.46,6,2,FALSE
87,no,yes,36.38,5,0,FALSE
138,no,no,28.99,7,2,FALSE
79,no,no,34.97,18,1,FALSE
127,no,no,37.57,4,2,FALSE
137,no,no,41.16,2,3,FALSE
97,no,no,25.77,4,1,FALSE
149,yes,no,29.95,4,0,FALSE
117,yes,yes,33.32,5,1,FALSE
84,no,no,27.12,4,2,FALSE
137,no,no,39.13,7,4,FALSE
99,no,no,24.94,1,3,FALSE
54,no,no,35.79,5,1,FALSE
85,no,no,17.34,3,1,FALSE
150,no,no,21.42,6,3,FALSE
43,no,no,28.63,2,1,FALSE
35,no,no,17.95,3,0,FALSE
98,no,no,35.11,5,5,FALSE
112,no,no,36.91,3,2,FALSE
98,no,yes,47.31,5,0,FALSE
84,no,no,23.56,4,0,FALSE
84,no,no,30.86,4,1,FALSE
98,no,yes,20.57,1,1,FALSE
74,no,no,37.59,3,0,FALSE
96,no,yes,24.79,2,1,FALSE
119,no,no,37.88,6,1,FALSE
73,no,no,31.18,3,4,FALSE
92,yes,no,44.93,5,0,FALSE
21,no,no,24.82,7,0,FALSE
133,yes,no,21.64,3,1,FALSE
145,no,no,31.94,4,2,FALSE
25,no,no,30.4,5,2,FALSE
64,no,no,16.52,6,2,FALSE
85,no,no,44.17,1,0,FALSE
126,no,no,43.61,5,3,FALSE
76,no,no,28.82,3,0,FALSE
117,no,no,40.78,2,0,FALSE
128,no,yes,24.19,6,1,FALSE
115,no,no,31.3,6,2,FALSE
141,no,yes,35.17,11,2,FALSE
51,no,no,44.18,1,1,FALSE
100,no,no,34.65,3,0,FALSE
96,no,yes,42.3,2,3,FALSE
112,no,yes,37.67,3,1,FALSE
129,yes,no,32.79,4,1,FALSE
163,no,no,20.81,7,1,FALSE
67,no,yes,17.83,9,1,FALSE
140,no,no,29.44,5,3,FALSE
49,no,no,20.3,7,2,FALSE
148,no,no,30.31,4,1,FALSE
112,no,no,41.38,2,1,FALSE
78,no,no,26.35,5,2,FALSE
61,no,yes,49.08,3,0,FALSE
58,no,yes,40.87,3,1,FALSE
155,no,no,32.35,3,1,FALSE
113,no,no,26.35,3,1,FALSE
81,no,no,26.1,2,2,FALSE
135,no,yes,46.48,6,1,FALSE
99,no,no,26.4,4,0,FALSE
59,no,yes,22.63,3,1,FALSE
135,no,no,41.96,5,1,FALSE
85,yes,no,28.12,7,2,FALSE
70,no,no,10.12,6,0,FALSE
88,no,no,23.51,4,3,FALSE
55,no,no,48.74,5,2,FALSE
75,no,no,19.94,3,1,FALSE
79,no,yes,44.93,3,4,FALSE
85,no,no,21.74,5,0,FALSE
86,no,yes,38.34,2,0,FALSE
91,no,no,25.33,3,0,FALSE
149,no,yes,33.81,9,1,FALSE
60,no,no,16.69,2,2,FALSE
54,no,no,27.17,7,2,FALSE
11,no,yes,32.4,3,3,FALSE
109,no,no,31.28,3,0,FALSE
90,no,no,44.51,5,1,FALSE
115,no,no,25.14,9,3,FALSE
144,no,yes,18.09,5,1,FALSE
91,no,no,22.73,2,0,FALSE
105,no,yes,32.9,5,0,FALSE
112,no,no,28.97,4,1,FALSE
86,no,yes,12.05,5,3,FALSE
41,no,yes,33.05,9,2,FALSE
44,no,no,40.85,2,1,FALSE
78,no,no,12.75,6,3,FALSE
149,no,no,11.75,3,1,FALSE
139,no,yes,36.48,12,0,FALSE
74,no,no,25.25,6,3,FALSE
50,no,no,43.88,5,1,FALSE
141,no,yes,25.45,2,3,FALSE
140,no,no,25.47,2,1,FALSE
99,no,no,32.37,4,2,FALSE
166,no,no,30.84,6,1,FALSE
124,no,no,25.69,3,1,FALSE
74,no,no,26.47,4,0,FALSE
117,no,no,25.48,13,2,FALSE
85,no,no,37.79,2,3,FALSE
36,no,yes,25.4,2,0,FALSE
102,yes,no,39.75,3,0,FALSE
76,no,no,34.71,2,0,FALSE
165,no,no,41.29,0,1,FALSE
130,no,no,25.57,4,1,FALSE
78,no,no,35.51,7,0,FALSE
129,no,yes,20.33,2,2,FALSE
18,no,no,46.51,4,1,FALSE
161,yes,no,26.54,9,2,FALSE
93,no,yes,30.38,4,2,FALSE
144,no,no,30.18,3,2,FALSE
95,no,no,29.78,2,1,FALSE
126,no,yes,19.43,7,3,FALSE
124,no,yes,42.74,5,1,FALSE
109,yes,yes,36.92,3,0,FALSE
80,no,no,35.07,12,0,FALSE
41,no,no,27.08,5,1,FALSE
136,no,yes,24.33,5,2,FALSE
143,no,yes,31.72,5,1,FALSE
193,no,yes,21.08,3,1,FALSE
73,no,no,33.71,8,3,FALSE
62,no,no,29.38,8,2,FALSE
30,no,yes,36.96,3,0,FALSE
148,no,yes,15.91,5,1,FALSE
96,no,no,16.69,1,2,FALSE
52,no,no,36.5,4,2,FALSE
87,no,no,28.59,3,1,FALSE
41,no,no,34.49,3,3,FALSE
112,no,no,44.44,2,1,FALSE
122,no,yes,43.13,5,7,FALSE
61,no,no,7.65,6,2,FALSE
87,no,no,39.32,6,1,FALSE
176,no,no,8.06,8,2,FALSE
30,no,no,38.66,3,0,FALSE
95,no,yes,6.95,7,0,FALSE
46,no,no,21.22,4,2,FALSE
100,yes,no,11.65,9,0,FALSE
47,no,yes,27.8,4,2,FALSE
77,no,no,27.71,3,2,FALSE
98,no,yes,36.33,5,2,FALSE
125,no,yes,34.22,3,1,FALSE
67,no,no,52.77,10,4,FALSE
194,no,no,8.23,1,1,FALSE
128,no,yes,29.1,6,1,FALSE
190,no,yes,28.31,3,0,FALSE
165,no,no,36.82,8,0,FALSE
59,no,no,18.33,3,2,FALSE
47,no,yes,24.02,2,1,FALSE
150,no,yes,35.68,1,0,FALSE
26,no,no,39.87,6,3,FALSE
79,no,yes,17.53,8,3,FALSE
95,no,yes,22.02,3,1,FALSE
31,no,yes,17.02,3,0,FALSE
121,no,yes,40.31,5,4,FALSE
157,no,no,38.17,2,2,FALSE
61,yes,no,13.29,6,2,FALSE
65,no,no,25.28,6,2,FALSE
74,no,yes,33.08,2,2,FALSE
123,no,no,27.12,4,0,FALSE
58,no,yes,33.07,2,1,FALSE
125,no,no,22.41,6,2,FALSE
80,no,no,27.3,1,1,FALSE
53,no,yes,24.96,7,0,FALSE
99,no,yes,34.12,5,1,FALSE
99,no,no,24.75,5,1,FALSE
66,no,yes,39,1,2,FALSE
97,no,no,35.87,4,3,FALSE
75,no,yes,20.66,5,2,FALSE
85,yes,no,36.72,7,2,FALSE
108,no,no,49.81,6,2,FALSE
51,no,no,30.86,2,1,FALSE
186,no,yes,12.63,3,2,FALSE
44,yes,no,10.59,3,1,FALSE
64,no,yes,38.86,1,3,FALSE
114,no,yes,52.68,2,1,FALSE
92,no,no,34.32,6,3,FALSE
110,no,no,25.47,4,2,FALSE
90,no,yes,31.25,3,1,FALSE
72,no,yes,31.74,4,1,FALSE
171,no,yes,37.94,3,3,FALSE
104,no,no,27.91,8,1,FALSE
165,no,no,25.59,2,1,FALSE
110,no,no,9.4,5,1,FALSE
90,yes,no,37.71,4,1,FALSE
114,no,no,28.83,8,1,FALSE
117,no,yes,13.63,2,1,FALSE
109,no,no,37.21,4,2,FALSE
82,no,no,21.37,2,1,FALSE
92,no,no,29.97,1,2,FALSE
82,no,yes,35.22,5,2,FALSE
90,no,no,34.97,6,2,FALSE
87,no,yes,25.74,0,1,FALSE
124,no,no,26.78,4,3,FALSE
39,no,no,27.27,5,2,FALSE
84,no,no,27.03,5,1,FALSE
75,no,yes,36.4,6,0,FALSE
102,no,no,17.44,4,2,FALSE
143,no,no,34.48,4,1,FALSE
53,no,no,9.78,6,3,FALSE
30,no,no,28.88,7,1,FALSE
129,no,no,23.72,8,0,FALSE
63,no,yes,24.19,8,1,FALSE
28,no,no,31.93,5,0,FALSE
111,no,no,24.85,3,3,FALSE
91,no,no,39.41,7,3,FALSE
90,no,no,32.93,3,1,FALSE
151,no,no,26.59,6,4,FALSE
41,no,yes,40.77,1,2,FALSE
48,no,yes,29.24,5,1,FALSE
166,yes,yes,21.79,7,2,FALSE
79,no,no,22.13,6,3,FALSE
153,no,no,33.22,6,1,FALSE
163,no,no,32.52,4,1,FALSE
126,no,no,20.81,3,1,FALSE
105,no,yes,35.63,3,2,FALSE
172,no,no,36.67,1,3,FALSE
126,no,no,27.44,2,0,FALSE
97,no,no,24.51,4,3,FALSE
87,no,no,43.55,2,4,FALSE
97,no,no,19.16,5,1,FALSE
140,no,no,33.12,4,0,FALSE
169,no,no,17.14,2,0,FALSE
68,no,yes,14.03,4,3,FALSE
122,no,yes,24.89,4,2,FALSE
36,no,no,30.24,6,2,FALSE
120,no,yes,26.1,7,5,FALSE
121,no,no,25.62,15,1,FALSE
64,no,yes,30.62,3,0,FALSE
13,no,yes,45.1,1,1,FALSE
106,no,no,21.86,2,0,FALSE
88,no,no,27.46,4,2,FALSE
74,no,no,28.1,3,1,FALSE
83,no,no,33.15,13,0,FALSE
49,no,no,36.35,7,0,FALSE
111,no,yes,34.94,4,1,FALSE
50,no,yes,42.99,4,3,FALSE
153,no,yes,40.05,9,0,FALSE
88,no,no,32.64,5,1,FALSE
131,no,yes,11.75,4,0,FALSE
140,no,no,40.04,4,2,FALSE
105,no,no,36.28,6,1,FALSE
54,no,yes,35.17,1,3,FALSE
87,no,yes,44.85,3,3,FALSE
96,no,yes,31.18,5,1,FALSE
55,no,no,29.85,4,0,FALSE
130,no,no,41.23,2,2,FALSE
34,no,no,25.67,7,0,FALSE
139,no,no,23.48,2,1,FALSE
65,no,yes,47.99,4,1,FALSE
63,no,no,35.9,2,0,FALSE
152,no,no,33.51,4,3,FALSE
147,no,no,34.9,4,1,FALSE
112,no,yes,30.91,4,2,FALSE
120,no,no,42.84,1,2,FALSE
27,no,no,32.95,3,0,FALSE
171,no,no,39.3,1,1,FALSE
101,no,yes,34.02,4,0,FALSE
32,no,yes,45.34,4,1,FALSE
3,no,yes,20.08,6,2,FALSE
151,no,no,29.8,5,0,FALSE
60,no,no,21.27,3,3,FALSE
119,no,no,30.06,15,1,FALSE
43,no,no,41.12,3,1,FALSE
42,no,no,41,4,0,FALSE
84,no,no,36.91,4,1,FALSE
65,no,no,33.22,4,0,FALSE
116,no,no,32.22,2,1,FALSE
107,no,no,20.93,5,0,FALSE
189,no,yes,43.64,3,3,FALSE
123,no,no,27.05,1,1,FALSE
110,no,no,17.02,8,3,FALSE
63,no,yes,5.25,7,1,FALSE
176,no,no,37.94,2,3,FALSE
108,no,no,31.86,8,1,FALSE
13,no,yes,53.65,3,3,FALSE
71,no,no,47.18,2,1,FALSE
88,no,no,32.27,3,2,FALSE
137,no,no,25.02,4,1,FALSE
82,no,no,31.59,7,4,FALSE
92,no,yes,26.42,4,3,FALSE
165,no,no,26.21,4,6,FALSE
96,no,no,16.59,9,1,FALSE
156,no,no,30.4,3,1,FALSE
63,no,no,25.38,4,0,FALSE
37,no,no,35.02,11,0,FALSE
98,no,no,36.86,9,0,FALSE
121,no,no,17.56,3,0,FALSE
94,no,no,23.7,3,0,FALSE
99,no,no,32.5,3,1,FALSE
163,no,yes,27.2,7,1,FALSE
161,no,no,37.69,4,3,FALSE
99,no,no,10.69,5,1,FALSE
108,no,no,36.65,5,1,FALSE
84,no,yes,28.1,7,3,FALSE
83,yes,yes,16.1,6,2,FALSE
139,no,no,34.54,3,2,FALSE
69,no,no,33.2,4,3,FALSE
129,no,no,24.43,8,4,FALSE
106,no,no,19.45,0,2,FALSE
158,no,no,37.88,2,2,FALSE
168,no,yes,29.9,5,2,FALSE
57,yes,yes,39.87,4,2,FALSE
67,no,no,35.82,6,1,FALSE
127,no,no,30.99,3,1,FALSE
78,no,no,32.35,5,2,FALSE
100,no,yes,30.11,2,0,FALSE
113,no,no,36.65,3,1,FALSE
78,no,no,23.36,11,3,FALSE
129,no,yes,32.78,5,1,FALSE
57,no,no,25.38,3,2,FALSE
82,no,no,24.43,5,1,FALSE
64,no,no,38.22,2,1,FALSE
86,no,yes,44.4,5,2,FALSE
151,no,yes,33.41,5,0,FALSE
90,no,no,35.22,1,2,FALSE
48,no,no,51.07,5,2,FALSE
85,no,yes,39.03,8,2,FALSE
93,yes,yes,31.88,4,1,FALSE
169,yes,no,9.71,6,3,FALSE
68,no,no,27.12,3,1,FALSE
101,no,no,32.42,8,1,FALSE
67,no,yes,39.2,2,1,FALSE
66,no,no,5.78,3,0,FALSE
116,no,yes,32.88,3,5,FALSE
158,no,no,34.34,6,1,FALSE
78,no,no,32.59,5,1,FALSE
119,no,yes,27.42,8,1,FALSE
120,no,no,25.6,2,1,FALSE
155,no,no,31.38,1,1,FALSE
106,no,no,37.52,5,1,FALSE
87,yes,no,28.44,6,1,FALSE
146,no,yes,26.18,4,3,FALSE
101,no,yes,20.59,6,0,FALSE
22,no,yes,30.96,4,3,FALSE
90,no,no,18.63,5,2,FALSE
41,no,no,35.68,4,1,FALSE
69,no,no,28.48,4,2,FALSE
33,no,no,36.36,14,2,FALSE
112,no,no,19.69,5,1,FALSE
108,no,yes,47.02,6,2,FALSE
136,no,yes,30.5,4,2,FALSE
128,no,no,31.84,5,1,FALSE
27,no,no,34.2,3,2,FALSE
161,yes,no,32.23,6,1,FALSE
33,no,yes,31.76,5,0,FALSE
120,no,yes,26.1,4,0,FALSE
113,no,no,31.89,6,2,FALSE
148,no,yes,41.63,4,2,FALSE
74,no,no,39.25,2,3,FALSE
106,no,no,31.81,3,1,FALSE
179,no,no,29.02,4,1,FALSE
77,no,no,32.22,7,0,FALSE
80,no,no,27.39,4,1,FALSE
106,no,no,28.8,4,1,FALSE
61,no,yes,43.25,4,0,FALSE
135,yes,yes,21.71,4,2,FALSE
115,no,yes,28.99,5,6,FALSE
167,yes,no,37.25,4,2,FALSE
107,yes,no,46.5,9,2,FALSE
112,yes,no,27.52,4,1,FALSE
35,no,yes,41.09,4,1,FALSE
103,yes,no,10.68,4,3,FALSE
107,no,yes,47.79,9,1,FALSE
69,no,no,38.79,5,3,FALSE
85,no,no,35.67,3,0,FALSE
90,no,no,36.53,2,2,FALSE
137,no,no,18.79,3,3,FALSE
92,yes,yes,47.79,3,0,FALSE
38,no,no,23.43,3,2,FALSE
45,no,no,19.18,3,2,FALSE
73,no,no,31.84,2,1,FALSE
92,no,no,33.49,4,1,FALSE
113,no,yes,30.67,2,1,FALSE
135,no,yes,33.51,5,2,FALSE
100,no,yes,26.13,5,1,FALSE
96,no,yes,44.42,2,1,FALSE
108,no,no,41.85,5,1,FALSE
84,no,no,32.47,4,0,FALSE
134,no,no,35.41,3,1,FALSE
72,no,no,43.01,4,0,FALSE
83,no,no,34.39,4,0,FALSE
137,no,no,29.65,5,0,FALSE
56,no,yes,21.61,3,1,FALSE
61,yes,yes,24.4,3,0,FALSE
171,no,yes,31.77,3,1,FALSE
123,no,no,32.98,4,1,FALSE
58,no,no,39.92,6,0,FALSE
156,no,no,21.03,4,1,FALSE
166,no,no,29.56,5,0,FALSE
75,no,yes,22.25,4,1,FALSE
83,no,no,38.74,5,1,FALSE
243,no,no,16.24,6,2,FALSE
153,no,no,31.5,3,1,FALSE
150,no,no,24.87,3,1,FALSE
92,no,yes,31.28,3,2,FALSE
80,no,no,17.99,5,0,FALSE
134,no,no,30.26,4,1,FALSE
77,no,yes,25.4,6,1,FALSE
147,no,no,35.6,3,2,FALSE
74,no,no,29.26,6,1,FALSE
138,yes,no,28.78,9,1,FALSE
143,no,no,20.25,4,0,FALSE
64,no,no,33.01,2,2,FALSE
120,no,no,33.8,3,2,FALSE
88,no,no,34.37,2,2,FALSE
100,no,no,36.75,3,0,FALSE
104,no,no,12.99,3,3,FALSE
27,no,no,12.36,3,1,FALSE
81,no,yes,35.77,4,0,FALSE
64,yes,yes,21.62,13,0,FALSE
107,no,yes,34.31,8,1,FALSE
88,no,yes,37.32,5,1,FALSE
111,no,no,16.88,6,3,FALSE
77,no,no,40.66,2,5,FALSE
67,yes,no,20.55,11,2,FALSE
102,no,no,38.2,6,1,FALSE
146,no,yes,30.02,6,1,FALSE
144,no,yes,48.26,4,1,FALSE
70,no,yes,21.4,4,1,FALSE
149,no,no,40.39,9,0,FALSE
129,no,no,33.73,2,2,FALSE
166,no,no,46.63,5,0,FALSE
149,no,no,37.01,3,3,FALSE
70,no,no,22.9,6,3,FALSE
120,no,yes,36.16,13,2,FALSE
66,no,no,43.57,7,2,FALSE
104,no,no,31.21,2,1,FALSE
160,no,no,29.95,4,1,FALSE
129,no,yes,34.85,8,1,FALSE
169,no,no,30.46,6,2,FALSE
58,no,no,25.4,3,1,FALSE
75,no,yes,27.81,3,3,FALSE
45,no,no,35.29,13,1,FALSE
155,no,no,28.12,4,3,FALSE
52,no,no,35.67,9,4,FALSE
119,no,yes,37.42,3,0,FALSE
86,no,no,24.02,5,1,FALSE
42,no,no,33.41,7,0,FALSE
127,yes,no,30.75,4,2,FALSE
123,no,no,17.85,5,0,FALSE
149,no,yes,35.14,3,1,FALSE
160,no,no,28.36,1,1,FALSE
103,no,no,34.83,3,5,FALSE
132,no,yes,26.28,4,1,FALSE
137,no,no,21.59,2,1,FALSE
129,yes,no,45.46,4,1,FALSE
62,no,no,47.77,0,1,FALSE
122,no,yes,46.04,8,4,FALSE
32,no,no,29.1,7,1,FALSE
86,no,no,21.1,8,3,FALSE
130,no,no,27.68,3,1,FALSE
42,no,no,24.87,12,1,FALSE
73,no,no,43.32,7,2,FALSE
66,no,yes,43.33,3,2,FALSE
103,no,yes,18.31,3,0,FALSE
128,no,no,27,7,1,FALSE
104,no,no,31.09,4,2,FALSE
103,no,no,33.75,5,0,FALSE
124,no,no,30.33,2,0,FALSE
87,no,no,18.85,5,1,FALSE
167,yes,no,41.62,3,2,FALSE
106,no,no,28.1,3,2,FALSE
125,no,no,21.54,7,2,FALSE
108,no,yes,36.7,7,0,FALSE
125,no,no,23.82,2,1,FALSE
89,no,yes,35.68,7,1,FALSE
72,yes,yes,23.77,6,0,FALSE
149,no,no,28.32,6,7,FALSE
73,no,no,36.41,8,0,FALSE
73,no,no,36.21,3,0,FALSE
118,no,yes,20.08,2,1,FALSE
23,no,no,32.33,4,6,FALSE
127,no,yes,13.97,6,0,FALSE
42,no,yes,27.85,5,0,FALSE
45,no,no,27.17,3,2,FALSE
50,no,yes,36.43,4,1,FALSE
152,no,no,17.2,3,2,FALSE
105,no,no,17.48,5,2,FALSE
72,no,no,18.55,6,0,FALSE
52,no,no,36.7,2,1,FALSE
125,no,no,34.58,4,1,FALSE
143,no,no,18.72,2,1,FALSE
65,no,no,18.87,14,1,FALSE
80,no,no,40.78,5,1,FALSE
1,no,no,24.62,3,1,FALSE
60,no,no,23.02,4,1,FALSE
43,no,no,14.31,2,1,FALSE
143,no,no,35.55,6,0,FALSE
81,no,yes,22.12,5,0,FALSE
205,no,yes,29.89,5,2,FALSE
24,no,no,41.12,5,1,FALSE
74,no,no,23.24,4,0,FALSE
77,no,no,11.51,2,1,FALSE
74,no,no,34.07,2,1,FALSE
200,no,no,21.79,2,1,FALSE
86,no,no,38.47,3,4,FALSE
91,no,yes,27.59,4,0,FALSE
76,no,no,38.15,2,2,FALSE
130,no,no,20.49,2,1,FALSE
56,no,no,15.49,8,2,FALSE
117,no,no,28.7,4,0,FALSE
63,no,no,26.1,5,2,FALSE
126,no,no,38.45,2,0,FALSE
132,no,no,32.62,2,1,FALSE
122,no,no,30.6,6,2,FALSE
150,no,yes,29.65,4,1,FALSE
99,no,no,27.15,3,1,FALSE
87,no,no,40.32,3,1,FALSE
108,no,no,17.51,3,1,FALSE
101,no,no,26.15,2,4,FALSE
53,no,no,34.87,2,3,FALSE
132,no,yes,29.87,3,2,FALSE
158,no,no,26.5,8,2,FALSE
114,no,yes,26.25,5,0,FALSE
77,no,yes,35.65,3,2,FALSE
144,yes,no,25.5,15,0,FALSE
91,no,yes,39.51,3,3,FALSE
58,no,no,28.12,5,2,FALSE
5,no,no,33.86,3,3,FALSE
97,no,no,36.99,3,0,FALSE
107,no,no,36.06,2,3,FALSE
142,no,yes,26.18,5,1,FALSE
9,no,yes,32.95,2,1,FALSE
73,no,no,29.82,4,0,FALSE
43,no,no,39.13,3,0,FALSE
93,no,no,32.33,4,0,FALSE
85,no,no,29.99,1,1,FALSE
59,no,no,27.35,5,3,FALSE
87,no,no,38.88,3,1,FALSE
137,no,no,24.48,2,0,FALSE
21,no,yes,23.1,7,6,FALSE
104,no,no,22.19,6,0,FALSE
161,no,no,17.92,5,0,FALSE
50,no,no,32.11,8,3,FALSE
103,no,yes,19.01,4,1,FALSE
84,no,yes,27.05,18,1,FALSE
92,no,no,36.11,4,1,FALSE
77,no,no,24.19,1,1,FALSE
159,no,yes,19.36,9,1,FALSE
138,no,no,29.14,4,3,FALSE
178,no,no,46.82,3,1,FALSE
38,no,yes,33.52,2,0,FALSE
50,no,yes,32.74,2,2,FALSE
45,no,yes,15.59,5,1,FALSE
70,no,no,21.47,2,0,FALSE
147,no,yes,42.76,6,3,FALSE
94,no,no,32.4,5,1,FALSE
179,no,no,19.74,5,0,FALSE
116,no,no,36.94,3,2,FALSE
59,no,no,30.5,3,0,FALSE
165,no,no,35.31,3,0,FALSE
140,no,no,21.3,4,1,FALSE
93,no,yes,23.48,3,2,FALSE
52,no,yes,28.78,3,0,FALSE
64,no,yes,34.22,3,1,FALSE
12,yes,no,36.84,4,2,FALSE
48,no,no,32.37,4,2,FALSE
181,no,no,24.36,7,1,FALSE
168,no,yes,16.56,2,2,FALSE
155,no,no,30.84,3,3,FALSE
105,no,no,41.89,4,0,FALSE
11,no,no,24.38,6,2,FALSE
182,no,no,17.83,5,2,FALSE
104,no,no,26.55,5,1,FALSE
102,no,no,19.52,4,0,FALSE
122,no,no,39.53,2,0,FALSE
41,no,no,24.41,3,1,FALSE
132,no,no,30.04,4,2,FALSE
13,no,no,24.89,3,1,FALSE
115,no,yes,24.65,3,2,FALSE
67,no,no,28.53,12,1,FALSE
154,no,no,28.37,5,0,FALSE
100,no,no,24.23,8,2,FALSE
146,yes,no,22.61,3,1,FALSE
148,no,yes,42.99,1,1,FALSE
67,no,yes,16.15,2,2,FALSE
70,no,no,37.88,0,1,FALSE
116,no,no,34.31,5,0,FALSE
87,no,no,24.87,9,1,FALSE
87,no,no,39.92,5,1,FALSE
70,no,no,33.76,6,2,FALSE
131,no,no,16.05,9,2,FALSE
119,no,no,32.37,1,2,FALSE
119,no,yes,24.24,2,3,FALSE
87,yes,no,22.81,5,0,FALSE
75,no,no,20.88,2,2,FALSE
150,no,no,32.18,5,4,FALSE
161,no,yes,40.87,6,0,FALSE
91,yes,yes,15.9,3,0,FALSE
124,no,no,26.96,8,3,FALSE
94,yes,no,41.34,4,4,FALSE
217,no,no,29.99,3,4,FALSE
158,no,no,37.55,5,0,FALSE
102,no,no,24.55,7,0,FALSE
85,no,no,36.09,3,0,FALSE
79,no,no,24.99,9,1,FALSE
139,no,yes,16.35,10,2,FALSE
103,no,no,44.78,2,0,FALSE
98,yes,no,2.13,9,1,FALSE
78,no,no,27.59,3,2,FALSE
50,no,no,31.21,3,1,FALSE
161,no,no,30.28,2,1,FALSE
67,no,no,34.24,3,0,FALSE
86,no,yes,20.91,4,1,FALSE
92,no,no,35.36,6,0,FALSE
174,no,no,40.66,3,1,FALSE
124,no,no,32.81,3,1,FALSE
132,no,yes,29.67,9,1,FALSE
190,no,yes,19.84,3,1,FALSE
101,no,no,15.95,2,1,FALSE
185,yes,yes,26.2,3,2,FALSE
68,no,yes,40.72,6,0,FALSE
117,no,yes,36.72,4,0,FALSE
118,no,no,31.86,6,1,FALSE
124,no,no,28.46,5,0,FALSE
22,no,no,27.27,4,1,FALSE
75,no,no,24.34,9,1,FALSE
134,no,no,34.9,9,1,FALSE
164,no,yes,37.25,6,1,FALSE
44,no,no,24.34,4,1,FALSE
177,no,no,39.58,7,2,FALSE
110,no,no,27.54,8,0,FALSE
53,no,yes,4.4,7,1,FALSE
158,no,no,35.68,3,1,FALSE
114,no,no,32.56,0,0,FALSE
64,no,yes,49.49,2,1,FALSE
88,no,no,36.65,1,3,FALSE
82,yes,no,35.5,6,3,FALSE
111,no,no,43.5,5,3,FALSE
60,no,no,42.96,4,2,FALSE
113,no,no,22.46,6,3,FALSE
109,no,no,36.89,4,1,FALSE
105,no,yes,17.32,2,0,FALSE
85,no,no,35.96,4,2,FALSE
131,no,no,26.08,3,0,FALSE
59,no,no,28.27,3,2,FALSE
148,no,no,31.48,13,1,FALSE
210,no,no,17.78,8,2,FALSE
115,no,no,41.68,8,0,FALSE
106,no,no,46.65,3,1,FALSE
93,no,no,16.73,4,1,FALSE
57,no,yes,47.58,2,1,FALSE
98,no,no,31.82,4,1,FALSE
157,no,no,46.95,4,3,FALSE
116,no,yes,34.07,4,1,FALSE
30,no,no,27.59,4,2,FALSE
52,no,no,28.14,6,0,FALSE
72,no,no,37.03,5,4,FALSE
86,no,no,32.39,5,3,FALSE
98,no,yes,30.58,7,3,FALSE
151,no,no,40.1,2,3,FALSE
118,no,no,23.87,1,0,FALSE
117,no,no,24.58,9,2,FALSE
55,no,no,32.13,6,0,FALSE
82,no,no,17.17,2,0,FALSE
152,no,no,35.07,4,1,FALSE
108,no,yes,28.07,4,1,FALSE
130,no,no,26.5,3,3,FALSE
136,yes,no,33.86,7,1,FALSE
47,no,no,26.4,4,3,FALSE
189,no,no,35.41,5,3,FALSE
107,no,no,26.71,6,1,FALSE
11,no,yes,22.36,3,2,FALSE
167,no,no,28.29,5,1,FALSE
111,no,no,24.19,9,2,FALSE
99,no,yes,14.91,4,2,FALSE
159,no,yes,31.3,3,0,FALSE
114,yes,yes,29.67,10,2,FALSE
71,no,no,17.56,2,2,FALSE
122,no,no,5.97,2,1,FALSE
100,no,yes,41.92,5,1,FALSE
83,no,yes,13.35,4,1,FALSE
105,no,no,35.05,3,1,FALSE
144,no,yes,42.77,3,2,FALSE
19,no,yes,26.62,1,1,FALSE
46,no,no,23.7,6,1,FALSE
127,no,no,37.43,3,2,FALSE
9,no,yes,36.4,3,1,FALSE
157,no,no,33.32,6,1,FALSE
105,no,yes,30.5,5,0,FALSE
155,no,no,36.84,1,2,FALSE
31,no,no,30.14,2,0,FALSE
161,no,no,25.77,5,1,FALSE
95,no,yes,44.57,5,0,FALSE
122,no,no,29.51,7,3,FALSE
37,yes,no,18.12,8,2,FALSE
119,no,yes,36.92,4,0,FALSE
16,no,no,35.62,4,1,FALSE
99,no,no,16.22,5,1,FALSE
76,no,yes,36.48,2,1,FALSE
129,no,no,28.63,7,1,FALSE
116,no,no,24.89,5,1,FALSE
60,yes,no,31.11,6,1,FALSE
128,no,no,17.56,7,0,FALSE
47,no,yes,19.07,2,0,FALSE
40,yes,no,29.02,9,3,FALSE
173,no,no,29.33,2,0,FALSE
157,no,yes,33.03,5,1,FALSE
66,no,yes,31.93,3,2,FALSE
50,yes,yes,52.21,3,0,FALSE
72,no,no,20.09,3,3,FALSE
130,no,no,26.18,1,1,FALSE
143,no,no,26.44,11,1,FALSE
89,yes,no,21.35,5,1,FALSE
108,no,no,33.88,2,0,FALSE
32,no,no,26.84,3,1,FALSE
166,no,no,34.58,5,2,FALSE
109,no,no,37.77,5,1,FALSE
72,no,yes,15.78,7,1,FALSE
134,no,yes,36.86,2,0,FALSE
13,no,no,32.84,2,4,FALSE
90,no,no,19.24,4,3,FALSE
111,no,yes,28.25,2,3,FALSE
101,no,yes,44.57,14,1,FALSE
72,no,no,35.33,4,0,FALSE
67,no,yes,41.72,6,1,FALSE
154,no,yes,32.69,1,2,FALSE
69,no,no,33.01,3,2,FALSE
123,no,no,35.87,7,3,FALSE
130,no,yes,24.12,5,0,FALSE
142,no,yes,37.49,9,2,FALSE
29,no,no,26.76,2,1,FALSE
87,no,yes,24.4,5,0,FALSE
149,no,no,26.52,8,0,FALSE
146,yes,no,27.22,3,2,FALSE
48,no,no,32.03,2,1,FALSE
135,no,no,33.12,3,1,FALSE
100,no,no,42.13,2,1,FALSE
98,no,no,37.6,3,4,FALSE
75,no,yes,20.15,3,2,FALSE
180,no,yes,39.41,4,1,FALSE
100,no,yes,36.7,4,1,FALSE
119,no,yes,36.91,5,2,FALSE
86,no,no,14.2,3,0,FALSE
155,no,yes,31.16,7,1,FALSE
153,no,no,32.95,3,1,FALSE
92,no,yes,22.78,4,0,FALSE
13,no,yes,30.02,5,2,FALSE
154,no,no,32.54,3,3,FALSE
144,yes,yes,29.72,3,0,FALSE
48,no,no,46.78,2,1,FALSE
94,no,no,29.58,1,1,FALSE
139,no,no,28.05,8,1,FALSE
126,no,no,38.88,4,1,FALSE
122,no,no,18.34,3,2,FALSE
139,no,no,37.62,6,1,FALSE
95,no,no,23.99,6,3,FALSE
80,no,yes,28.29,4,4,FALSE
131,no,yes,42.43,3,3,FALSE
36,no,no,30.36,5,1,FALSE
180,no,no,23.63,5,2,FALSE
25,no,no,22.83,5,2,FALSE
113,no,no,36.7,5,3,FALSE
88,no,yes,30.87,4,1,FALSE
120,no,no,30.33,9,1,FALSE
74,no,no,18.09,3,1,FALSE
109,no,no,29.02,4,2,FALSE
162,no,yes,31.37,6,0,FALSE
124,no,yes,27.4,4,1,FALSE
177,no,no,14.43,5,2,FALSE
91,no,no,37.04,2,1,FALSE
48,no,no,21.79,3,0,FALSE
86,no,no,21.47,7,2,FALSE
163,no,no,30.38,2,4,FALSE
91,no,no,27.03,4,0,FALSE
56,no,no,25.65,5,3,FALSE
147,yes,yes,37.38,4,3,FALSE
64,no,no,28.56,3,2,FALSE
159,no,no,33.8,7,5,FALSE
136,yes,no,43.66,10,3,FALSE
116,no,yes,31.08,2,1,FALSE
45,no,yes,33.46,2,1,FALSE
122,no,no,23.82,5,2,FALSE
138,no,no,33.03,3,5,FALSE
132,no,no,19.99,5,1,FALSE
101,yes,no,32.93,8,0,FALSE
58,no,no,41.33,4,2,FALSE
81,no,no,24.72,4,1,FALSE
87,no,no,28.75,10,3,FALSE
116,no,no,38.98,3,2,FALSE
85,yes,no,33.52,4,4,FALSE
90,no,no,12.94,3,0,FALSE
98,no,no,27.68,3,2,FALSE
73,no,no,30.99,5,1,FALSE
107,yes,no,33.05,7,2,FALSE
55,no,yes,32.18,4,2,FALSE
76,no,yes,27.22,4,3,FALSE
30,no,no,24.65,4,3,FALSE
157,no,no,37.52,7,4,FALSE
72,no,no,24.99,4,1,FALSE
95,no,yes,44.34,5,1,FALSE
42,no,no,26.42,3,0,FALSE
86,no,no,28.25,7,1,FALSE
131,no,no,36.01,7,0,FALSE
74,no,no,27.66,6,0,FALSE
81,yes,yes,40.31,3,1,FALSE
81,no,no,28.25,2,4,FALSE
111,no,no,29.99,2,0,FALSE
3,no,yes,11.46,2,2,FALSE
68,no,yes,29.92,7,1,FALSE
87,no,no,19.62,5,2,FALSE
109,no,no,27.64,4,0,FALSE
111,no,no,39,6,4,FALSE
144,no,no,23.73,4,2,FALSE
109,no,yes,36.98,3,4,FALSE
107,no,yes,19.43,8,1,FALSE
149,no,no,33.37,3,2,FALSE
56,no,no,43.04,4,1,FALSE
129,no,no,16.66,4,0,FALSE
92,no,no,42.4,3,0,FALSE
67,no,yes,22.03,5,1,FALSE
120,no,no,37.62,7,0,FALSE
166,no,no,37.52,9,1,FALSE
66,no,no,14.89,5,1,FALSE
76,no,no,34.61,3,0,FALSE
79,no,no,36.31,3,2,FALSE
98,no,yes,30.87,4,2,FALSE
141,no,yes,36.62,6,1,FALSE
46,no,no,33.86,2,3,FALSE
137,no,no,19.55,4,3,FALSE
10,no,no,37.77,4,1,FALSE
88,no,no,10.52,2,3,FALSE
89,no,no,23.99,2,2,FALSE
139,no,no,33.32,1,3,FALSE
87,no,no,29.17,4,0,FALSE
137,yes,no,29.58,3,2,FALSE
90,no,no,34.15,7,1,FALSE
103,no,no,24.02,2,1,FALSE
100,no,no,40.09,1,2,FALSE
110,no,no,31.47,4,3,FALSE
124,no,no,43.23,2,2,FALSE
10,no,no,31.11,6,2,FALSE
89,no,yes,27.8,5,2,FALSE
121,no,no,35.34,2,2,FALSE
101,no,no,42.26,3,3,FALSE
103,no,yes,31.52,4,2,FALSE
51,no,no,33.63,5,1,FALSE
111,no,no,33.51,11,0,FALSE
118,no,no,26.28,5,2,FALSE
130,no,no,35.9,9,2,FALSE
114,no,no,29.24,9,1,FALSE
137,no,no,23.99,7,2,FALSE
185,no,yes,25.69,2,2,FALSE
101,no,no,35.63,2,3,FALSE
95,no,yes,41.99,4,3,FALSE
7,no,yes,37.64,12,1,FALSE
71,no,no,41.43,2,0,FALSE
124,no,no,42.76,6,3,FALSE
28,no,no,27.15,3,2,FALSE
190,no,no,25.65,1,1,FALSE
31,no,yes,35.79,2,1,FALSE
52,no,yes,29.05,5,2,FALSE
73,no,no,43.3,8,0,FALSE
111,no,no,38.23,3,0,FALSE
59,no,no,25.81,5,1,FALSE
71,no,yes,24.04,3,2,FALSE
13,no,no,9.93,5,1,FALSE
136,no,yes,15.37,4,0,FALSE
123,no,no,19.45,3,0,FALSE
105,no,no,25.11,3,2,FALSE
50,no,yes,51.46,14,3,FALSE
118,no,no,23.14,4,1,FALSE
97,no,no,28.85,6,3,FALSE
51,no,no,38.62,2,0,FALSE
35,no,no,21.11,8,2,FALSE
64,no,no,35.05,2,1,FALSE
63,no,no,22.59,2,3,FALSE
117,no,yes,17.83,6,3,FALSE
162,no,no,31.37,3,1,FALSE
89,no,no,15.22,1,3,FALSE
94,yes,no,40.05,4,1,FALSE
129,no,no,31.62,6,4,FALSE
86,no,no,38.06,9,1,FALSE
96,no,no,30.52,2,1,FALSE
190,no,no,28.8,5,1,FALSE
80,no,no,20.08,6,1,FALSE
97,no,yes,28.63,7,0,FALSE
84,no,yes,36.43,10,0,FALSE
131,no,yes,26.62,10,1,FALSE
58,yes,yes,24.28,4,1,FALSE
36,no,no,34.41,2,3,FALSE
54,no,no,19.86,2,1,FALSE
45,no,no,26.47,1,1,FALSE
125,no,yes,40.14,4,2,FALSE
72,no,yes,23.48,2,2,FALSE
141,no,no,8.82,3,3,FALSE
113,no,no,13.82,3,0,FALSE
20,no,yes,29.16,3,0,FALSE
212,no,no,21.42,3,1,FALSE
99,yes,no,33.52,6,4,FALSE
94,no,no,33,4,1,FALSE
40,no,no,19.67,6,1,FALSE
86,no,yes,26.72,5,3,FALSE
170,no,no,41.89,8,0,FALSE
105,no,no,38.66,4,1,FALSE
103,no,no,32.27,4,0,FALSE
140,yes,yes,32.11,5,4,FALSE
101,no,no,0,4,1,FALSE
98,no,yes,18.79,4,1,FALSE
104,no,no,28.49,2,4,FALSE
115,no,no,22.44,0,3,FALSE
112,no,no,28.53,4,0,FALSE
70,no,no,36.28,4,1,FALSE
126,no,no,29.82,1,0,FALSE
87,no,yes,14.04,1,3,FALSE
86,no,no,21.34,8,1,FALSE
232,no,no,28.15,3,1,FALSE
1,no,yes,31.13,2,0,FALSE
133,no,no,27.56,5,1,FALSE
103,no,no,28.32,6,1,FALSE
131,no,yes,23.1,4,1,FALSE
95,no,yes,28.17,6,0,FALSE
182,no,no,29.94,4,1,FALSE
99,no,no,24.19,1,0,FALSE
27,no,no,30.19,3,3,FALSE
141,no,no,14.14,7,1,FALSE
29,yes,yes,39.95,7,2,FALSE
65,no,no,17.97,12,2,FALSE
37,no,yes,45,7,0,FALSE
107,no,yes,27.25,1,1,FALSE
127,yes,yes,16.3,3,1,FALSE
78,no,no,23.92,5,0,FALSE
55,no,no,20.35,2,2,FALSE
86,no,yes,16.98,7,2,FALSE
176,no,no,42.65,6,2,FALSE
96,yes,no,34.1,5,2,FALSE
11,no,yes,35.67,7,1,FALSE
48,no,yes,33.66,4,1,FALSE
127,no,no,40.77,5,1,FALSE
63,no,no,27.97,2,0,FALSE
79,no,no,37.55,2,1,FALSE
47,no,yes,19.18,6,2,FALSE
83,no,yes,38.49,7,1,FALSE
126,yes,yes,41.63,6,4,FALSE
60,no,no,34.54,6,2,FALSE
122,no,no,23.24,4,0,FALSE
136,no,no,25.94,10,1,FALSE
172,no,yes,46.73,2,1,FALSE
113,yes,no,34.73,7,1,FALSE
79,no,no,37.79,4,3,FALSE
55,no,yes,37.83,2,1,FALSE
111,no,yes,21.9,2,2,FALSE
160,no,no,29.63,2,0,FALSE
110,no,no,41.23,3,4,FALSE
192,no,no,37.67,6,4,FALSE
93,no,no,19.43,9,0,FALSE
101,no,yes,37.35,2,2,FALSE
77,no,no,24.63,3,2,FALSE
105,no,yes,40.21,3,2,FALSE
131,no,no,18.62,7,1,FALSE
106,no,yes,13.87,4,1,FALSE
118,no,no,22.68,4,1,FALSE
125,no,no,23.31,4,1,FALSE
95,no,no,33.49,8,0,FALSE
80,no,no,33.68,3,3,FALSE
145,no,no,6.72,6,0,FALSE
37,no,no,33.92,4,2,FALSE
87,no,no,26.66,6,1,FALSE
69,no,no,31.18,5,3,FALSE
83,no,no,22.51,2,1,FALSE
195,no,no,10.74,3,0,FALSE
75,no,yes,19.98,7,3,FALSE
123,no,yes,37.18,1,0,FALSE
41,no,yes,35.24,3,1,FALSE
75,no,no,25.6,5,0,FALSE
86,yes,no,45.24,4,1,FALSE
140,no,no,19.18,6,0,FALSE
70,no,no,17.8,7,3,FALSE
121,no,yes,32.95,4,0,FALSE
112,no,no,28.66,5,1,FALSE
118,no,no,43.04,7,2,FALSE
66,no,yes,29.7,2,1,FALSE
78,no,no,14.79,5,0,FALSE
129,no,yes,34.77,9,2,FALSE
6,no,no,38.51,4,3,FALSE
107,yes,no,39.8,3,1,FALSE
138,no,no,22.76,3,1,FALSE
103,no,no,27.23,2,0,FALSE
116,no,yes,39.2,2,0,FALSE
189,no,no,38.66,4,2,FALSE
161,no,no,12.38,2,2,FALSE
1,no,no,33.34,2,1,FALSE
89,no,no,33.51,3,1,FALSE
64,no,no,37.33,5,1,FALSE
129,no,no,36.72,10,2,FALSE
128,no,yes,37.89,4,0,FALSE
81,no,yes,19.7,6,3,FALSE
114,no,no,32.27,5,1,FALSE
50,no,no,26.3,3,0,FALSE
86,no,no,23.19,1,3,FALSE
96,no,no,28.99,6,1,FALSE
72,no,no,46.31,2,0,FALSE
64,no,yes,35.7,4,8,FALSE
57,yes,yes,40.21,3,2,FALSE
65,no,no,26.16,3,2,FALSE
163,no,no,37.91,5,1,FALSE
136,no,no,42.91,3,2,FALSE
116,no,no,33.64,6,1,FALSE
93,no,no,25.91,5,3,FALSE
142,no,yes,40.36,3,3,FALSE
92,no,no,45.15,2,1,FALSE
70,no,no,33.54,6,1,FALSE
22,no,yes,33.85,1,1,FALSE
37,no,no,39.73,2,2,FALSE
51,no,no,31.13,3,1,FALSE
174,no,no,23.7,5,2,FALSE
130,no,no,35.21,2,1,FALSE
104,no,no,23.75,5,2,FALSE
134,no,no,30.12,3,2,FALSE
108,no,yes,28.87,7,2,FALSE
103,no,no,29.5,2,3,FALSE
62,no,no,27.18,4,1,FALSE
162,no,no,19.57,3,2,FALSE
93,no,yes,23.26,3,2,FALSE
42,no,no,15.67,6,1,FALSE
155,no,yes,41.46,11,2,FALSE
36,no,no,19.91,2,0,FALSE
197,no,no,26.32,2,3,FALSE
99,no,no,37.81,8,2,FALSE
95,no,no,11.8,5,0,FALSE
128,yes,no,41.68,5,0,FALSE
117,no,no,17.39,10,3,FALSE
48,no,yes,39.25,4,3,FALSE
81,yes,no,38.66,3,0,FALSE
57,no,no,32.78,6,1,FALSE
140,no,no,27.64,2,1,FALSE
107,no,yes,37.3,1,2,FALSE
56,no,no,23.32,4,1,FALSE
159,no,no,14.91,10,1,FALSE
102,no,no,46.09,5,1,FALSE
107,no,no,17.58,3,1,FALSE
106,no,no,8.87,2,2,FALSE
75,no,no,25.08,3,2,FALSE
86,no,no,37.03,7,0,FALSE
169,no,no,40.07,10,1,FALSE
122,no,yes,34.77,5,2,FALSE
106,no,no,30.33,2,0,FALSE
52,no,yes,22.12,5,2,FALSE
79,no,yes,17.63,4,2,FALSE
135,no,no,40.78,3,2,FALSE
70,no,no,25.23,4,0,FALSE
80,no,no,25.26,2,2,FALSE
37,no,no,32.49,1,0,FALSE
161,no,yes,37.15,4,1,FALSE
137,no,no,16.58,0,1,FALSE
123,no,no,21.88,5,0,FALSE
80,no,yes,40.22,10,2,FALSE
94,no,no,14.6,16,0,FALSE
105,no,yes,24,2,1,FALSE
73,no,yes,33.05,3,0,FALSE
112,no,no,28.49,3,2,FALSE
179,no,no,39.87,4,1,FALSE
57,no,no,26.21,9,1,FALSE
127,no,yes,24.34,1,1,FALSE
122,yes,yes,36.79,4,1,FALSE
33,no,yes,27.52,2,1,FALSE
94,no,no,20.18,6,3,FALSE
100,no,no,30.45,10,1,FALSE
106,no,no,25.14,5,2,FALSE
148,no,yes,35.56,4,2,FALSE
120,no,yes,41.53,6,0,FALSE
91,no,yes,29.8,11,1,FALSE
86,no,no,25.59,2,1,FALSE
78,no,yes,33.56,2,0,FALSE
94,no,no,27.8,5,1,FALSE
89,no,no,13.99,4,1,FALSE
128,no,no,36.72,4,1,FALSE
115,yes,no,30.6,3,1,FALSE
76,no,no,24.43,6,1,FALSE
75,no,yes,33.69,7,1,FALSE
90,no,yes,31.55,5,2,FALSE
30,no,no,23.39,10,3,FALSE
102,no,yes,21.3,2,3,FALSE
83,no,no,30.4,4,3,FALSE
63,no,yes,36.53,5,0,FALSE
155,no,no,27.71,4,2,FALSE
82,no,yes,27.85,2,2,FALSE
87,no,no,32.22,3,1,FALSE
115,no,yes,26.38,4,0,FALSE
121,yes,yes,43.2,4,3,FALSE
54,no,yes,19.04,4,2,FALSE
105,no,no,19.64,5,3,FALSE
73,no,no,23.31,4,1,FALSE
95,no,no,33.73,3,0,FALSE
21,no,yes,22.56,7,3,FALSE
163,no,yes,37.33,8,2,FALSE
57,no,no,28.83,4,0,FALSE
104,yes,no,27.27,5,4,FALSE
83,no,yes,16.15,2,0,FALSE
141,no,no,27.22,1,2,FALSE
95,no,no,33.08,2,3,FALSE
74,no,no,26.71,3,2,FALSE
67,no,no,30.57,4,0,FALSE
104,yes,no,25.19,4,0,FALSE
71,no,yes,31.14,6,1,FALSE
154,no,yes,38.08,2,0,FALSE
138,no,yes,3.32,1,0,FALSE
117,no,no,31.42,8,1,FALSE
130,no,no,29.97,5,1,FALSE
73,no,no,41.09,2,2,FALSE
100,no,yes,38.2,6,0,FALSE
149,no,no,35.24,4,1,FALSE
29,no,no,33.46,7,2,FALSE
131,no,no,18.85,9,1,FALSE
153,no,no,20.83,3,2,FALSE
84,no,no,38.57,5,2,FALSE
133,no,no,31.79,8,2,FALSE
112,no,no,28.99,6,0,FALSE
87,no,no,34.82,3,0,FALSE
72,no,no,28.2,5,2,FALSE
65,no,yes,26.88,6,1,FALSE
74,no,no,38.28,2,2,FALSE
68,no,no,29.36,1,2,FALSE
68,no,no,37.88,3,3,FALSE
54,yes,no,36.4,3,1,FALSE
99,no,no,9.32,3,1,FALSE
107,no,no,22.78,3,3,FALSE
124,no,no,31.42,6,1,FALSE
95,no,yes,48.13,3,3,FALSE
110,no,no,37.86,4,1,FALSE
102,no,no,29.67,5,0,FALSE
130,no,no,11.63,4,0,FALSE
91,no,yes,46.41,2,1,FALSE
176,no,yes,48.14,6,1,FALSE
84,no,yes,15.25,2,1,FALSE
138,no,no,21.61,3,3,FALSE
101,no,yes,18,5,1,FALSE
136,no,no,24.19,11,2,FALSE
111,no,no,32.52,3,2,FALSE
132,no,yes,34.32,5,0,FALSE
128,no,no,42.04,2,3,FALSE
92,no,yes,41.17,1,1,FALSE
191,no,no,27.54,7,1,FALSE
99,no,yes,30.45,1,2,FALSE
106,no,yes,33.56,4,3,FALSE
88,no,no,25.19,4,2,FALSE
78,no,no,32.83,1,0,FALSE
98,no,no,29.19,6,1,FALSE
17,no,yes,33.75,10,1,FALSE
56,no,yes,20.69,3,1,FALSE
84,no,no,22.13,6,2,FALSE
95,no,no,34.58,3,2,FALSE
16,no,no,29.7,8,5,FALSE
93,no,no,24.09,3,0,FALSE
83,no,no,22.92,5,2,FALSE
123,no,no,27.73,10,1,FALSE
64,no,no,24.74,8,1,FALSE
107,no,no,33.07,1,2,FALSE
110,no,no,22.42,4,1,FALSE
96,no,yes,25.5,3,1,FALSE
47,no,yes,33.42,4,2,FALSE
115,no,no,16.95,4,2,FALSE
69,no,no,24.41,5,3,FALSE
163,no,yes,39.42,3,2,FALSE
90,no,no,6.43,5,3,FALSE
98,no,no,12.38,4,3,FALSE
90,no,yes,16.12,5,1,FALSE
174,no,yes,37.71,9,1,FALSE
123,no,yes,33.78,5,1,FALSE
114,no,no,34.36,5,2,FALSE
141,no,no,36.65,6,1,FALSE
132,no,no,28.88,2,1,FALSE
133,no,no,34.29,4,0,FALSE
133,no,no,37.59,3,4,FALSE
93,no,yes,37.18,5,2,FALSE
96,no,yes,29.89,2,2,FALSE
24,no,yes,40.17,2,3,FALSE
54,no,no,46.55,3,1,FALSE
92,no,yes,28.46,3,4,FALSE
96,no,no,33.61,3,3,FALSE
146,no,no,28.82,7,2,FALSE
138,yes,yes,38.28,4,0,FALSE
102,no,no,29.67,5,4,FALSE
99,no,no,34,2,3,FALSE
83,no,yes,16.3,4,0,FALSE
36,no,yes,25.98,2,1,FALSE
70,no,no,22.08,3,1,FALSE
100,no,no,32.05,5,2,FALSE
104,no,no,29,1,1,FALSE
106,no,no,32.54,3,1,FALSE
84,no,no,12.8,1,1,FALSE
80,no,no,25.47,7,2,FALSE
100,no,no,19.7,4,1,FALSE
99,no,no,21.9,4,2,FALSE
50,no,no,22.39,5,1,FALSE
105,no,no,17.24,2,1,FALSE
113,no,yes,25.33,5,4,FALSE
111,no,yes,16.46,4,2,FALSE
161,no,no,18.28,3,2,FALSE
97,no,yes,20.59,5,3,FALSE
130,no,no,21.13,6,0,FALSE
92,no,no,26.81,3,1,FALSE
119,no,no,21.13,1,0,FALSE
134,no,no,24.09,6,0,FALSE
127,no,yes,29.41,3,0,FALSE
153,no,yes,37.15,6,0,FALSE
85,no,no,43.4,5,3,FALSE
79,no,no,7.12,5,1,FALSE
35,no,no,44.34,2,1,FALSE
120,no,yes,40.7,3,0,FALSE
68,no,no,38.54,1,0,FALSE
120,no,no,26.86,5,1,FALSE
71,no,yes,29.87,7,1,FALSE
124,no,no,26.76,3,3,FALSE
225,no,no,31.06,2,1,FALSE
63,no,no,24.23,2,2,FALSE
80,yes,yes,27.08,5,1,FALSE
118,yes,yes,26.15,6,1,FALSE
42,yes,no,30.72,6,2,FALSE
134,no,no,34.46,7,0,FALSE
66,no,yes,32.44,6,0,FALSE
66,no,no,34.87,6,2,FALSE
127,no,yes,40.05,2,1,FALSE
146,no,no,32.18,3,0,FALSE
93,no,yes,28.37,1,1,FALSE
125,no,no,30.99,7,2,FALSE
115,no,yes,32.69,3,2,FALSE
114,no,no,32.81,2,2,FALSE
106,no,no,26.96,3,0,FALSE
118,no,yes,15.56,8,2,FALSE
59,no,no,26.11,10,1,FALSE
87,yes,yes,37.67,3,1,FALSE
21,no,no,41.6,1,1,FALSE
142,no,yes,40.77,4,0,FALSE
62,no,no,29.31,5,0,FALSE
54,no,yes,19.99,10,2,FALSE
112,no,no,29.67,7,1,FALSE
68,no,no,26.74,7,1,FALSE
201,no,yes,32.64,3,1,FALSE
88,no,no,37.09,1,1,FALSE
85,no,yes,24.58,3,1,FALSE
45,no,yes,23.09,6,2,FALSE
116,no,no,27.32,5,0,FALSE
146,no,yes,34.43,2,1,FALSE
63,no,yes,25.87,5,1,FALSE
133,no,no,38.66,7,0,FALSE
125,no,no,32.57,3,2,FALSE
72,no,no,23.61,3,1,FALSE
130,no,no,21.59,6,0,FALSE
97,no,no,28.66,4,1,FALSE
160,no,yes,27.98,4,1,FALSE
79,no,no,24.48,4,1,FALSE
92,no,yes,24.07,11,0,FALSE
59,no,no,34.73,4,1,FALSE
132,no,no,27.74,10,1,FALSE
21,no,no,38.25,4,0,FALSE
93,no,no,29.94,6,2,FALSE
147,no,yes,43.21,7,5,FALSE
101,no,no,29.73,5,1,FALSE
63,no,no,36.01,9,3,FALSE
107,no,no,41.12,6,0,FALSE
110,no,no,33.34,1,3,FALSE
83,no,no,39.32,2,3,FALSE
117,no,no,27.47,2,1,FALSE
124,no,no,32.98,5,0,FALSE
115,no,no,18.65,8,3,FALSE
156,yes,no,47.09,3,1,FALSE
89,no,no,32.66,3,0,FALSE
72,no,no,33.73,4,0,FALSE
101,no,yes,35.56,3,0,FALSE
53,no,no,31.42,3,2,FALSE
116,no,no,28.53,4,2,FALSE
78,no,no,23.66,3,3,FALSE
117,no,yes,37.62,4,0,FALSE
56,no,no,20.67,2,1,FALSE
123,no,yes,45.97,7,1,FALSE
127,no,no,23.73,4,2,FALSE
116,no,yes,43.01,3,2,FALSE
138,no,yes,31.26,3,1,FALSE
120,no,no,34.56,2,3,FALSE
102,no,no,34.1,2,3,FALSE
95,no,no,28.49,6,2,FALSE
102,no,no,26.61,2,2,FALSE
89,no,yes,36.57,10,1,FALSE
50,no,no,51.29,6,1,FALSE
93,no,yes,25.89,5,7,FALSE
68,no,no,33.22,11,1,FALSE
70,no,no,35.48,3,2,FALSE
138,no,yes,32.32,6,0,FALSE
141,no,yes,31.52,3,4,FALSE
112,no,yes,31.14,3,0,FALSE
1,no,yes,35.36,9,1,FALSE
70,no,no,39.15,4,1,FALSE
87,no,yes,40.94,3,2,FALSE
52,no,yes,33.27,3,2,FALSE
105,no,no,28.24,3,2,FALSE
120,no,yes,30.24,4,1,FALSE
54,no,yes,24.46,8,2,FALSE
148,yes,no,25.19,3,2,FALSE
101,no,yes,24.5,3,1,FALSE
172,no,no,29.33,6,0,FALSE
80,no,no,33.97,4,1,FALSE
67,no,no,18.55,5,2,FALSE
86,no,no,29.21,5,1,FALSE
133,no,no,41.79,7,0,FALSE
116,no,no,27.98,3,0,FALSE
63,no,no,35.99,7,0,FALSE
94,yes,no,28.92,4,1,FALSE
69,no,no,33.17,5,0,FALSE
142,yes,yes,32.49,3,0,FALSE
123,no,no,35.17,2,3,FALSE
43,no,no,30.48,5,0,FALSE
69,no,no,31.5,5,0,FALSE
15,yes,no,24.04,3,2,FALSE
107,no,yes,42.26,1,1,FALSE
67,no,no,25.93,3,2,FALSE
99,no,no,24.75,7,1,FALSE
46,no,no,27.91,1,1,FALSE
55,yes,no,37.57,4,1,FALSE
92,no,no,23.77,7,2,FALSE
132,yes,yes,34.05,3,2,FALSE
140,no,yes,26.71,9,1,FALSE
51,yes,yes,23.09,7,2,FALSE
27,no,no,40.24,6,1,FALSE
224,no,no,18.94,6,3,FALSE
117,no,no,32.49,4,2,FALSE
135,no,no,37.2,3,4,FALSE
146,no,no,34.92,2,3,FALSE
68,no,no,22.37,5,3,FALSE
86,no,yes,33.64,9,0,FALSE
131,no,no,28.31,5,1,FALSE
86,no,yes,38.32,3,1,FALSE
134,no,yes,24.29,6,1,FALSE
113,no,no,35.22,1,1,FALSE
132,no,no,35.05,6,1,FALSE
85,no,no,35.75,7,1,FALSE
61,no,no,33.61,3,2,FALSE
91,no,yes,28.87,4,1,FALSE
88,no,yes,32.4,1,2,FALSE
88,no,yes,13.65,3,2,FALSE
195,no,yes,39.39,2,0,FALSE
182,no,no,11.75,4,0,FALSE
118,no,no,32.1,7,4,FALSE
65,no,no,32.64,4,2,FALSE
61,no,yes,27.83,3,3,FALSE
172,no,no,35.99,9,1,FALSE
72,no,no,29.84,3,1,FALSE
113,no,no,25.52,3,2,FALSE
177,no,no,32.22,2,1,FALSE
67,no,no,36.64,6,1,FALSE
136,no,no,17.29,6,3,FALSE
71,no,no,43.93,8,4,FALSE
134,no,no,41.21,6,1,FALSE
124,no,no,22.41,2,1,FALSE
84,no,no,32.33,6,2,FALSE
39,no,no,26.2,4,2,FALSE
110,no,no,31.96,3,3,FALSE
102,no,no,17.53,5,1,FALSE
70,no,no,29.82,4,0,FALSE
142,no,no,24.72,1,1,FALSE
81,yes,no,42.6,5,1,FALSE
17,no,no,27.46,5,1,FALSE
90,no,no,17.34,3,2,FALSE
100,no,yes,37.18,4,1,FALSE
155,no,yes,21.85,6,1,FALSE
123,no,no,29.27,4,1,FALSE
145,no,no,33.86,3,1,FALSE
42,no,no,31.37,3,2,FALSE
125,no,no,28.66,7,0,FALSE
131,no,yes,29.58,3,1,FALSE
107,no,no,39.17,3,1,FALSE
48,no,no,33.69,5,1,FALSE
76,no,no,31.64,4,0,FALSE
128,no,no,25.25,2,1,FALSE
73,no,no,26.71,8,0,FALSE
126,yes,yes,21.98,7,1,FALSE
124,no,no,32.05,6,1,FALSE
137,no,no,35.5,5,0,FALSE
139,no,no,35.89,4,0,FALSE
107,no,yes,33.81,4,3,FALSE
147,no,no,36.18,2,1,FALSE
116,no,no,23.36,2,3,FALSE
60,no,yes,32.61,3,2,FALSE
38,no,no,25.33,11,0,FALSE
63,no,no,19.91,4,3,FALSE
94,no,no,18.36,3,3,FALSE
131,no,no,19.18,5,0,FALSE
158,no,no,29.9,6,1,FALSE
77,no,no,28.8,7,1,FALSE
140,no,no,22.03,10,3,FALSE
72,no,no,30.11,6,1,FALSE
52,no,yes,22.66,2,1,FALSE
103,no,no,28.53,3,5,FALSE
74,no,yes,29.68,4,1,FALSE
124,no,no,25.55,4,2,FALSE
85,no,yes,48.14,1,5,FALSE
71,no,no,24,2,2,FALSE
177,no,yes,39.13,2,1,FALSE
60,no,no,37.59,3,1,FALSE
43,no,no,30.12,2,4,FALSE
66,no,no,20.06,5,1,FALSE
125,no,no,27.85,4,0,FALSE
114,no,yes,24.02,3,3,FALSE
101,no,yes,20.21,5,2,FALSE
70,no,no,1.34,1,0,FALSE
59,no,no,27.12,4,0,FALSE
59,no,no,25.53,2,1,FALSE
124,no,yes,24.57,7,2,FALSE
99,no,no,23.92,4,2,FALSE
150,no,no,28.76,3,1,FALSE
81,no,no,37.54,3,2,FALSE
86,no,no,36.77,3,0,FALSE
84,no,no,28.82,7,0,FALSE
118,no,yes,43.57,1,1,FALSE
89,no,no,30.55,3,1,FALSE
93,no,no,45.22,6,3,FALSE
85,no,no,16.44,3,2,FALSE
160,no,no,14.06,9,0,FALSE
28,no,no,28.59,3,3,FALSE
156,no,no,29.63,5,3,FALSE
33,yes,no,32.4,6,1,FALSE
77,no,no,29.84,3,4,FALSE
119,no,no,22.68,7,1,FALSE
91,no,yes,34.78,2,3,FALSE
102,no,no,41.17,6,3,FALSE
86,no,yes,43.03,4,3,FALSE
82,no,no,22.1,4,0,FALSE
89,no,no,18,7,0,FALSE
86,no,no,33.01,7,3,FALSE
134,no,no,31.25,2,1,FALSE
92,no,no,33.41,2,2,FALSE
87,no,no,31.37,3,3,FALSE
64,no,no,44.52,4,0,FALSE
80,no,no,34.41,5,3,FALSE
165,no,yes,28.46,4,3,FALSE
153,no,yes,28.51,11,1,FALSE
41,no,yes,32.59,4,1,FALSE
108,no,no,40.83,1,2,FALSE
104,no,yes,32.15,4,1,FALSE
115,no,no,21.71,7,1,FALSE
87,no,no,34.88,3,1,FALSE
159,no,yes,26.11,3,2,FALSE
119,no,no,26.27,3,2,FALSE
69,no,no,26.13,6,1,FALSE
87,yes,yes,29.1,3,1,FALSE
57,no,yes,34.2,1,1,FALSE
130,no,no,23.65,9,5,FALSE
151,no,no,20.21,10,2,FALSE
60,no,no,24.65,2,1,FALSE
81,no,no,34.6,3,3,FALSE
132,no,no,40.82,6,3,FALSE
86,no,no,14.25,8,1,FALSE
121,no,yes,21.47,2,1,FALSE
105,no,yes,14.98,1,2,FALSE
105,no,yes,37.15,4,2,FALSE
51,no,yes,40.26,8,1,FALSE
64,no,no,21.1,5,3,FALSE
80,yes,yes,31.31,10,0,FALSE
56,no,no,37.86,4,4,FALSE
120,no,no,25.36,5,1,FALSE
103,no,no,35.11,4,3,FALSE
164,no,yes,27.15,9,3,FALSE
116,no,yes,34.8,2,2,FALSE
121,no,no,36.24,4,1,FALSE
55,yes,no,45.83,6,1,FALSE
183,no,no,19.84,6,2,FALSE
104,no,no,44.78,4,0,FALSE
90,no,no,23.83,2,1,FALSE
82,no,no,33.61,3,1,FALSE
101,no,no,23.15,7,3,FALSE
9,no,yes,15.05,3,2,FALSE
97,no,no,36.6,9,0,FALSE
127,no,yes,34.65,5,0,FALSE
125,no,yes,45.63,3,0,FALSE
140,no,no,27.05,4,1,FALSE
90,no,no,19.45,5,2,FALSE
67,no,no,23.61,3,2,FALSE
113,no,no,31.62,6,1,FALSE
121,no,yes,28.97,5,0,FALSE
93,no,no,27.97,3,4,FALSE
121,no,no,28.66,4,1,FALSE
75,no,no,32.39,5,1,FALSE
132,no,no,30.79,9,2,FALSE
162,no,no,30.11,6,3,FALSE
140,no,no,27.29,4,1,FALSE
91,no,no,22.9,5,2,FALSE
73,no,yes,33.69,1,2,FALSE
145,no,no,41.09,3,0,FALSE
100,no,no,22.29,4,1,FALSE
122,no,no,39.8,9,2,FALSE
109,no,no,34.02,5,0,FALSE
82,no,no,26.18,7,1,FALSE
65,no,yes,38.11,4,0,FALSE
52,no,no,25.21,6,3,FALSE
136,no,yes,29.68,5,2,FALSE
75,no,no,23.55,7,1,FALSE
146,no,no,18.53,2,1,FALSE
105,no,no,27.59,8,4,FALSE
48,no,no,35.84,3,2,FALSE
45,no,no,24.21,7,1,FALSE
106,no,yes,38,5,2,FALSE
33,no,no,31.03,2,2,FALSE
68,no,no,37.33,4,2,FALSE
106,no,no,32.91,3,0,FALSE
141,no,no,32.71,6,0,FALSE
98,no,no,40.15,4,0,FALSE
94,no,yes,39.64,4,0,FALSE
65,no,no,27,4,2,FALSE
85,no,no,21.44,4,1,FALSE
112,no,yes,10.3,7,0,FALSE
110,no,no,25.23,6,0,FALSE
111,no,no,41.91,3,2,FALSE
105,no,no,20.28,4,2,FALSE
40,no,no,41.23,7,0,FALSE
122,no,no,24.51,4,0,FALSE
114,no,yes,26.28,1,3,FALSE
102,no,yes,23.36,6,2,FALSE
126,no,no,17.63,1,0,FALSE
123,no,no,44.35,5,3,FALSE
29,no,no,33.25,4,1,FALSE
111,no,no,37.77,7,4,FALSE
81,no,no,26.27,3,1,FALSE
46,no,no,15.37,2,1,FALSE
69,no,yes,45.7,3,0,FALSE
125,no,no,18.04,3,1,FALSE
43,no,no,4.59,3,3,FALSE
127,no,yes,23.82,10,1,FALSE
94,no,no,41.65,6,1,FALSE
46,no,no,33.44,5,3,FALSE
73,no,yes,22.3,6,2,FALSE
146,no,yes,25.43,4,2,FALSE
93,no,no,40.77,10,1,FALSE
52,no,yes,24.16,4,1,FALSE
202,no,no,19.62,3,3,FALSE
129,no,yes,32.81,8,2,FALSE
94,no,no,35.04,1,1,FALSE
100,no,no,27.25,2,0,FALSE
43,no,no,33.98,7,1,FALSE
130,no,no,36.23,3,0,FALSE
124,no,no,30.31,1,3,FALSE
48,no,no,33.61,5,4,FALSE
98,no,yes,18.89,3,2,FALSE
79,no,no,26.67,5,3,FALSE
164,no,no,20.96,2,1,FALSE
105,no,no,32.93,5,1,FALSE
89,yes,no,35.17,4,0,FALSE
96,no,no,24.48,7,1,FALSE
120,no,yes,50.92,5,0,FALSE
72,no,no,23.39,6,2,FALSE
155,yes,yes,35.99,3,1,FALSE
89,no,no,15.25,4,2,FALSE
126,yes,no,33.59,8,2,FALSE
75,no,no,38.2,11,3,FALSE
143,no,no,33.03,2,2,FALSE
132,no,no,32.32,2,1,FALSE
99,no,no,31.04,5,0,FALSE
136,no,yes,34.94,4,1,FALSE
119,no,no,39.36,10,1,FALSE
160,no,no,29.1,3,2,FALSE
166,no,no,33.64,2,2,FALSE
120,no,no,22.92,8,1,FALSE
173,no,no,32.54,3,1,FALSE
156,no,no,29.67,2,0,FALSE
70,no,no,30.16,4,0,FALSE
41,no,no,30.96,1,1,FALSE
132,no,no,37.81,4,0,FALSE
160,no,no,20.71,5,1,FALSE
180,no,no,24.4,5,3,FALSE
93,no,no,28.03,4,2,FALSE
109,no,no,32.91,1,2,FALSE
80,no,no,17.19,5,0,FALSE
54,no,yes,15.69,3,2,FALSE
121,no,no,28.71,7,2,FALSE
157,no,yes,37.26,5,1,FALSE
170,no,yes,30.28,4,0,FALSE
138,no,no,24.91,6,3,FALSE
92,no,yes,29.29,5,1,FALSE
126,no,no,32.45,3,1,FALSE
91,no,no,21.05,4,2,FALSE
127,no,no,16.32,4,3,FALSE
88,no,yes,15.88,1,1,FALSE
113,no,no,15.4,9,1,FALSE
78,no,no,25.99,6,2,FALSE
123,no,no,43.84,2,2,FALSE
136,yes,yes,14.48,3,2,FALSE
68,no,yes,27.2,10,1,FALSE
132,no,yes,31.09,4,0,FALSE
133,no,no,36.75,1,2,FALSE
127,no,no,44.49,5,0,FALSE
110,no,no,41,4,2,FALSE
121,no,no,30.12,6,1,FALSE
116,no,no,15.22,3,2,FALSE
112,yes,yes,34.05,3,1,FALSE
43,no,no,27.12,3,2,FALSE
110,no,no,25.81,8,3,FALSE
67,no,no,29.95,4,1,FALSE
166,no,no,25.86,5,0,FALSE
129,no,no,27.42,3,1,FALSE
103,yes,no,29.19,3,3,FALSE
112,no,yes,36.21,3,4,FALSE
8,no,yes,41.29,12,1,FALSE
90,no,no,29.9,7,1,FALSE
58,no,no,40.61,3,2,FALSE
137,no,yes,32.23,5,2,FALSE
94,no,yes,15.76,4,3,FALSE
87,no,no,30.12,7,3,FALSE
120,no,no,31.37,6,2,FALSE
97,no,yes,29.94,9,0,FALSE
134,no,no,34.8,4,6,FALSE
68,no,no,24.41,5,2,FALSE
93,no,no,30.48,5,1,FALSE
120,no,no,23.34,2,1,FALSE
41,no,no,40.43,6,2,FALSE
80,no,no,34.63,5,2,FALSE
83,no,yes,32.52,5,2,FALSE
109,yes,no,35.55,3,2,FALSE
66,no,yes,15.1,9,3,FALSE
104,no,no,16.52,5,0,FALSE
89,no,no,23.44,5,1,FALSE
127,no,no,38.13,1,2,FALSE
117,no,yes,35.29,3,1,FALSE
128,no,no,45.58,6,2,FALSE
22,no,no,30.91,3,2,FALSE
78,no,no,25.01,7,0,FALSE
56,no,yes,6.41,3,1,FALSE
192,no,no,31.45,3,2,FALSE
70,no,no,26.59,4,2,FALSE
148,no,no,40.68,3,1,FALSE
65,no,yes,36.64,5,2,FALSE
119,no,no,22.93,6,1,FALSE
80,no,no,33.12,3,0,FALSE
152,no,yes,40.65,3,5,FALSE
113,no,no,15.74,4,3,FALSE
75,no,no,35.6,4,1,FALSE
80,no,no,33.59,6,1,FALSE
148,no,no,2.99,6,1,FALSE
63,yes,no,10.69,8,1,FALSE
97,no,yes,34.39,3,1,FALSE
166,no,no,23.14,4,0,FALSE
94,no,no,35.19,6,1,FALSE
85,no,yes,35.34,3,1,FALSE
210,no,yes,53.35,7,3,FALSE
88,yes,yes,49.05,5,1,FALSE
100,no,no,35.85,5,4,FALSE
154,no,yes,11.03,1,1,FALSE
32,no,yes,41.4,9,1,FALSE
18,no,no,33.49,3,3,FALSE
126,no,yes,47.26,4,0,FALSE
144,no,yes,37.38,4,1,FALSE
86,no,yes,24.77,7,0,FALSE
138,no,yes,12.89,13,0,FALSE
146,no,no,33.3,4,3,FALSE
175,no,no,22.44,10,1,FALSE
74,no,no,21.08,2,2,FALSE
48,no,no,29.22,3,2,FALSE
74,no,yes,42.4,2,4,FALSE
105,yes,no,38.83,7,0,FALSE
157,no,no,28.66,2,3,FALSE
217,no,no,21.03,4,0,FALSE
68,no,no,30.38,4,1,FALSE
80,no,no,19.24,5,1,FALSE
38,no,yes,24.21,6,2,FALSE
107,no,yes,34.71,4,0,FALSE
140,no,no,25.45,4,3,FALSE
114,no,no,26.4,5,2,FALSE
46,no,no,26.59,3,1,FALSE
118,no,yes,25.28,7,0,FALSE
37,no,no,46.19,4,3,FALSE
34,no,no,32.93,4,0,FALSE
98,yes,yes,41.74,7,1,FALSE
69,no,no,33.34,1,0,FALSE
121,no,no,22.8,2,2,FALSE
59,yes,yes,38.25,3,1,FALSE
59,no,no,32.25,4,0,FALSE
190,no,no,24.29,4,0,FALSE
109,no,no,29.85,6,1,FALSE
136,no,no,15.71,4,2,FALSE
86,no,no,15.78,5,1,FALSE
100,no,yes,37.69,4,0,FALSE
106,no,no,27.13,3,0,FALSE
104,no,no,24.57,6,2,FALSE
129,no,no,27.05,6,2,FALSE
205,no,no,8.48,4,2,FALSE
93,no,yes,19.87,9,0,FALSE
123,no,no,25.5,3,3,FALSE
99,no,no,43.25,5,1,FALSE
61,no,yes,46.02,3,3,FALSE
71,no,no,35.19,3,1,FALSE
4,yes,no,24.7,4,0,FALSE
148,no,yes,39.22,2,3,FALSE
141,no,no,25.76,2,1,FALSE
56,no,no,24.84,3,0,FALSE
160,no,no,43.52,4,3,FALSE
43,no,yes,34.03,4,3,FALSE
42,no,no,25.62,4,2,FALSE
135,yes,no,31.62,4,1,FALSE
106,no,no,36.19,3,3,FALSE
106,no,no,33.12,7,0,FALSE
83,no,yes,46.33,6,3,FALSE
110,no,no,22.97,4,1,FALSE
153,no,no,26.28,2,1,FALSE
109,no,yes,39.19,6,5,FALSE
31,no,no,28.12,1,1,FALSE
124,no,no,43.1,2,0,FALSE
122,no,no,28.61,6,1,FALSE
137,no,no,17.8,2,1,FALSE
69,no,no,23.02,2,1,FALSE
46,no,yes,32.54,2,1,FALSE
103,no,no,26.98,4,1,FALSE
16,no,no,24.62,4,2,FALSE
119,no,no,16.8,4,3,FALSE
122,no,yes,27.71,5,1,FALSE
139,no,no,30.87,6,4,FALSE
67,no,no,21.93,3,2,FALSE
84,no,no,14.62,4,1,FALSE
101,no,yes,32.96,7,0,FALSE
40,no,no,18.6,7,0,FALSE
61,no,no,32.11,2,2,FALSE
95,no,no,31.18,8,1,FALSE
98,no,no,48.98,0,0,FALSE
114,no,no,28.76,4,2,FALSE
149,no,yes,44.95,3,2,FALSE
22,no,no,35.31,5,0,FALSE
176,no,no,28.82,4,0,FALSE
152,no,no,24.06,4,2,FALSE
118,no,no,26.32,4,0,FALSE
101,yes,no,22.7,4,1,FALSE
118,no,no,38.18,8,2,FALSE
71,no,no,17.68,8,0,FALSE
71,no,yes,19.62,4,1,FALSE
68,no,no,37.76,3,2,FALSE
66,no,no,19.79,3,3,FALSE
101,no,no,37.01,0,3,FALSE
116,no,no,22,3,0,FALSE
54,no,yes,27.51,4,0,FALSE
112,no,yes,33.8,5,1,FALSE
122,no,yes,25.13,5,1,FALSE
74,no,no,44.59,5,3,FALSE
90,no,no,41.89,7,1,FALSE
85,no,no,31.18,4,4,FALSE
100,no,no,32.62,3,1,FALSE
114,no,no,31.93,3,2,FALSE
83,no,no,44.15,2,0,FALSE
157,yes,no,30.67,5,0,FALSE
51,no,no,8.81,4,2,FALSE
112,no,no,35.05,7,3,FALSE
56,no,no,27.93,1,2,FALSE
64,no,yes,34.07,5,1,FALSE
123,no,no,26.23,8,0,FALSE
68,no,yes,20.89,2,2,FALSE
40,yes,no,37.54,3,0,FALSE
132,no,no,36.48,2,0,FALSE
122,no,no,24.75,5,0,FALSE
130,no,yes,25.99,6,2,FALSE
90,no,no,21.32,7,1,FALSE
139,no,yes,23.51,8,0,FALSE
57,no,no,32.18,5,3,FALSE
128,no,no,33.88,2,4,FALSE
127,yes,no,42.08,3,2,FALSE
177,no,no,29.82,3,1,FALSE
121,no,no,30.5,5,1,FALSE
99,yes,yes,21.56,4,0,FALSE
21,no,no,15.62,7,2,FALSE
56,no,no,35.77,4,1,FALSE
81,no,no,24.75,4,2,FALSE
68,no,no,39.51,2,1,FALSE
183,no,yes,14.71,2,2,FALSE
90,no,no,18.68,6,0,FALSE
165,no,no,26.52,5,1,FALSE
59,no,no,33.15,9,0,FALSE
16,yes,no,18.7,7,0,FALSE
113,no,no,26.52,5,2,FALSE
120,no,no,16.69,4,2,FALSE
115,no,no,35.8,5,0,FALSE
38,no,yes,19.62,6,2,FALSE
1,no,no,21.05,2,0,FALSE
97,no,yes,19.99,3,1,FALSE
55,no,yes,17.9,6,2,FALSE
75,no,no,18.99,6,1,FALSE
83,no,no,27.08,3,2,FALSE
101,no,yes,40.46,5,2,FALSE
120,no,yes,21.78,3,0,FALSE
183,no,yes,29.1,4,1,FALSE
80,no,no,37.4,3,2,FALSE
88,no,no,9.45,4,0,FALSE
112,no,yes,48.72,6,1,FALSE
63,no,no,35.29,2,1,FALSE
92,no,no,33.52,5,2,FALSE
177,no,no,29.87,4,1,FALSE
118,no,no,34.88,6,0,FALSE
111,no,yes,32.83,4,1,FALSE
82,no,yes,39.54,3,3,FALSE
74,no,no,17.46,5,0,FALSE
121,no,yes,44.73,4,5,FALSE
131,no,no,33.49,5,1,FALSE
125,no,no,28.78,6,2,FALSE
19,no,no,34.26,4,1,FALSE
138,no,no,42.67,3,3,FALSE
119,no,no,39.17,6,3,FALSE
137,no,no,18.67,6,1,FALSE
135,no,no,29.48,6,1,FALSE
134,no,yes,36.45,8,1,FALSE
45,no,no,16.34,4,1,FALSE
129,no,no,17.24,6,1,FALSE
142,no,no,39.53,6,4,FALSE
130,no,yes,29.67,2,1,FALSE
163,no,yes,38.08,4,1,FALSE
105,no,no,35.89,7,4,FALSE
119,no,no,18.56,5,2,FALSE
78,no,no,37.4,5,0,FALSE
92,no,no,30.84,4,2,FALSE
146,no,yes,30.72,4,2,FALSE
125,no,yes,16.41,2,1,FALSE
88,no,no,31.2,5,3,FALSE
83,no,yes,18.34,2,0,FALSE
3,yes,no,27.37,6,1,FALSE
48,no,no,25.36,2,3,FALSE
189,no,no,38.73,4,3,FALSE
95,no,yes,27.25,3,0,FALSE
66,no,yes,24.09,7,0,FALSE
80,no,yes,33.39,1,0,FALSE
1,no,no,29.78,3,1,FALSE
84,no,no,24.96,3,1,FALSE
96,no,no,29.56,7,1,FALSE
123,no,yes,51.88,7,1,FALSE
105,yes,no,25.5,7,3,FALSE
80,no,no,33.58,4,1,FALSE
157,no,no,40.83,6,2,FALSE
67,no,yes,31.65,3,2,FALSE
141,no,yes,19.87,2,0,FALSE
79,no,yes,40.24,4,1,FALSE
76,no,no,29.44,3,0,FALSE
111,no,no,25.87,3,0,FALSE
94,no,no,30.82,2,0,FALSE
109,no,no,29.82,9,1,FALSE
138,no,no,14.89,10,2,FALSE
73,no,no,34.56,6,0,FALSE
148,no,yes,44.69,4,1,FALSE
103,no,no,27.34,3,1,FALSE
143,no,yes,24.11,3,1,FALSE
79,no,yes,8.6,4,2,FALSE
89,no,no,22.93,5,1,FALSE
120,no,no,42.86,3,1,FALSE
121,no,yes,36.64,3,1,FALSE
101,no,no,21.22,4,0,FALSE
115,no,no,30.38,5,2,FALSE
168,no,no,31.14,5,2,FALSE
90,no,no,28.48,1,1,FALSE
70,no,no,25.01,9,3,FALSE
138,no,no,39.12,4,1,FALSE
43,no,no,23.09,3,0,FALSE
117,no,yes,34.97,3,2,FALSE
108,no,no,12.55,3,2,FALSE
118,no,no,32.18,1,2,FALSE
169,no,no,25.02,6,3,FALSE
62,no,yes,23.34,3,0,FALSE
86,no,no,12.02,0,2,FALSE
44,no,no,34.78,5,0,FALSE
127,no,yes,22.05,3,2,FALSE
151,yes,no,33.78,4,0,FALSE
53,no,no,24.67,5,2,FALSE
15,no,no,22.98,5,2,FALSE
123,no,yes,21.2,8,1,FALSE
137,no,no,36.7,4,1,FALSE
106,no,no,20.26,9,2,FALSE
88,no,no,24.53,10,3,FALSE
106,no,no,39.98,4,1,FALSE
95,no,no,29.58,2,0,FALSE
184,no,no,25.79,8,2,FALSE
109,no,no,26.03,9,3,FALSE
127,no,no,37.16,5,2,FALSE
82,no,no,45.08,9,2,FALSE
180,no,no,24.36,4,1,FALSE
174,no,no,32.35,9,2,FALSE
81,no,no,19.6,2,1,FALSE
122,no,no,36.65,8,3,FALSE
34,no,no,21.9,7,1,FALSE
90,no,yes,12.1,1,1,FALSE
73,no,no,16.13,2,2,FALSE
120,no,yes,36.69,3,1,FALSE
160,no,no,16.58,4,3,FALSE
141,no,no,24.91,5,0,FALSE
90,no,no,26.84,5,2,FALSE
72,no,no,23.78,4,2,FALSE
117,no,yes,26.04,7,1,FALSE
79,yes,no,17.6,4,2,FALSE
87,no,no,31.59,4,1,FALSE
102,no,no,22.02,3,1,FALSE
49,no,no,40.22,2,1,FALSE
67,no,no,44.27,2,6,FALSE
107,no,no,28.44,5,2,FALSE
190,no,no,30.97,4,2,FALSE
118,no,no,19.21,4,2,FALSE
120,no,no,31.57,6,0,FALSE
94,no,no,23.15,5,0,FALSE
115,no,yes,37.84,2,1,FALSE
61,no,no,33.54,6,1,FALSE
143,no,yes,24.04,6,1,FALSE
110,no,no,35.36,11,1,FALSE
104,no,no,20.15,4,1,FALSE
16,no,no,26.04,8,1,FALSE
183,no,no,18.41,2,0,FALSE
147,no,no,28.66,8,2,FALSE
102,yes,no,38.11,8,3,FALSE
123,no,no,28.37,4,3,FALSE
64,no,yes,20.13,6,1,FALSE
103,no,no,32.45,3,2,FALSE
97,no,no,24.82,2,1,FALSE
57,no,yes,32.88,11,2,FALSE
157,no,no,31.47,5,2,FALSE
194,no,no,32.86,4,0,FALSE
66,no,no,24.89,2,1,FALSE
155,no,no,12.1,4,0,FALSE
116,no,no,34.85,4,2,FALSE
63,no,no,21.88,6,1,FALSE
64,no,no,36.87,5,3,FALSE
96,no,no,25.5,1,3,FALSE
53,no,no,27.9,2,1,FALSE
105,no,no,36.04,7,3,FALSE
53,no,yes,28.44,9,2,FALSE
101,no,no,26.25,4,1,FALSE
129,no,yes,30.14,7,3,FALSE
163,no,no,34.49,3,5,FALSE
93,no,no,25.43,9,0,FALSE
73,no,no,20.74,5,1,FALSE
120,no,no,30.12,2,2,FALSE
196,no,no,22.63,8,1,FALSE
148,no,no,35.43,4,1,FALSE
85,no,yes,29.43,5,1,FALSE
78,no,yes,47.8,5,2,FALSE
106,no,no,35.41,4,3,FALSE
147,no,yes,41.38,8,2,FALSE
91,no,no,32.18,3,3,FALSE
81,no,yes,28.61,2,4,FALSE
116,no,yes,39.59,6,1,FALSE
69,no,yes,26.35,4,1,FALSE
135,no,no,26.25,3,0,FALSE
73,no,no,39.9,8,2,FALSE
48,no,no,40.8,9,1,FALSE
100,no,no,28.22,4,1,FALSE
165,no,yes,18.97,3,0,FALSE
64,no,no,29.67,2,2,FALSE
116,yes,yes,29.84,5,1,FALSE
115,no,no,35.05,7,1,FALSE
84,no,yes,35.28,16,4,FALSE
86,no,yes,24.62,2,4,FALSE
134,no,no,44,7,2,FALSE
88,no,no,25.99,5,2,FALSE
90,no,yes,26.64,6,2,FALSE
86,no,no,25.64,1,1,FALSE
37,no,no,37.57,3,4,FALSE
148,no,no,26.11,3,2,FALSE
163,no,yes,36.57,2,2,FALSE
89,no,yes,29.65,3,1,FALSE
63,no,no,30.69,3,0,FALSE
102,no,no,20.93,7,2,FALSE
76,no,no,28.17,4,1,FALSE
104,no,no,34.03,6,2,FALSE
109,no,no,26.32,9,3,FALSE
105,no,no,21.32,9,2,FALSE
63,no,yes,31.31,4,1,FALSE
105,no,yes,46.7,3,3,FALSE
68,yes,yes,24.14,5,1,FALSE
63,yes,yes,25.76,4,1,FALSE
74,no,no,21.22,7,3,FALSE
76,no,no,30.46,2,0,FALSE
101,no,no,39.56,6,5,FALSE
131,no,yes,29.04,1,1,FALSE
84,no,no,36.74,3,1,FALSE
104,no,no,23.58,4,2,FALSE
108,no,no,35.82,5,3,FALSE
111,no,no,30.91,9,0,FALSE
155,no,yes,10.47,5,1,FALSE
66,no,no,35.31,3,1,FALSE
64,no,no,37.26,5,1,FALSE
69,no,no,38.59,1,2,FALSE
116,no,no,41.8,5,3,FALSE
101,no,no,43.74,7,0,FALSE
15,no,no,20.59,5,2,FALSE
197,no,no,39.76,3,0,FALSE
172,no,no,28.87,7,2,FALSE
85,yes,no,19.75,3,3,FALSE
136,no,yes,31.91,4,3,FALSE
155,no,yes,33.3,4,0,FALSE
145,no,no,22,2,2,FALSE
116,no,yes,37.57,6,2,FALSE
152,no,no,23.89,5,2,FALSE
67,no,no,18.55,6,0,FALSE
60,no,no,35.33,9,0,FALSE
138,no,no,35,8,0,FALSE
25,no,no,41.24,6,2,FALSE
145,no,no,39.03,3,1,FALSE
122,no,yes,28.22,3,2,FALSE
55,yes,no,18.04,3,0,FALSE
77,no,no,37.71,4,1,FALSE
12,no,no,34.78,7,2,FALSE
64,no,no,36.3,3,3,FALSE
92,no,yes,25.84,1,2,FALSE
160,no,no,28.29,2,1,FALSE
79,no,no,30.24,8,0,FALSE
36,no,no,39.97,7,3,FALSE
102,no,no,31.76,4,2,FALSE
138,yes,no,45.63,4,1,FALSE
164,no,no,32.66,3,3,FALSE
72,no,no,30.58,7,2,FALSE
134,no,yes,27.54,5,0,FALSE
145,no,no,29.89,4,1,FALSE
136,no,no,18.6,5,0,FALSE
66,yes,no,35.48,3,3,FALSE
152,no,yes,36.48,5,1,FALSE
162,no,no,8.36,13,1,FALSE
72,no,no,24.02,3,2,FALSE
101,no,no,43.04,7,4,FALSE
125,no,no,35.02,3,0,FALSE
46,no,no,6.87,2,2,FALSE
193,no,yes,12.1,3,0,FALSE
124,no,no,32.52,3,1,FALSE
144,no,no,22.66,2,0,FALSE
116,no,yes,31.21,3,2,FALSE
189,no,yes,26.38,6,1,FALSE
97,no,yes,48.13,8,1,FALSE
137,no,yes,31.71,4,2,FALSE
142,no,yes,27.76,6,0,FALSE
84,no,no,34.58,2,1,FALSE
119,no,yes,30.28,6,1,FALSE
158,no,no,33.3,3,1,FALSE
50,no,no,50.2,6,1,FALSE
98,no,no,23.14,5,2,FALSE
101,no,yes,19.4,9,2,FALSE
51,no,no,28.78,3,0,FALSE
117,no,no,36.45,1,2,FALSE
92,yes,no,43.49,3,0,FALSE
86,no,no,25.19,3,2,FALSE
122,no,no,20.28,4,2,FALSE
156,no,yes,32.69,8,1,FALSE
158,no,no,29.31,0,2,FALSE
145,yes,yes,29.8,3,1,FALSE
127,no,yes,0.44,5,3,FALSE
109,no,no,31.3,2,1,FALSE
88,no,no,30.92,3,1,FALSE
101,no,yes,27.22,9,0,FALSE
171,no,no,32.27,1,0,FALSE
21,no,no,37.94,2,1,FALSE
145,no,yes,36.72,1,2,FALSE
90,no,no,33.75,7,2,FALSE
33,no,no,27.12,7,1,FALSE
107,no,no,34.77,1,3,FALSE
117,no,no,26.98,10,2,FALSE
95,no,no,39.08,6,1,FALSE
186,no,no,23.43,6,1,FALSE
128,no,no,30.5,4,0,FALSE
55,no,yes,23.68,1,3,FALSE
134,no,no,1.33,2,2,FALSE
96,no,yes,31.13,7,1,FALSE
107,no,no,35.17,3,0,FALSE
123,no,no,23.8,1,2,FALSE
35,no,no,30.46,7,2,FALSE
74,no,no,30.16,3,0,FALSE
130,no,no,19.65,9,1,FALSE
88,no,no,30.86,7,1,FALSE
80,no,no,8.76,4,3,FALSE
116,no,yes,26.47,2,3,FALSE
123,no,yes,41.65,3,2,FALSE
120,no,no,22.39,3,1,FALSE
146,yes,no,18.89,6,1,FALSE
106,no,yes,15.05,4,3,FALSE
121,no,yes,19.72,2,1,FALSE
137,no,no,26.44,2,1,FALSE
84,no,yes,18.11,3,2,FALSE
67,no,yes,29.78,6,1,FALSE
120,no,yes,38.68,13,1,FALSE
130,no,yes,31.45,7,0,FALSE
20,no,no,31.76,6,2,FALSE
68,no,no,27,3,1,FALSE
112,no,no,35.48,4,0,FALSE
77,no,no,31.6,4,3,FALSE
109,no,no,37.83,3,2,FALSE
108,no,no,34.19,3,3,FALSE
79,no,yes,28.54,2,1,FALSE
78,no,no,14.91,6,1,FALSE
134,no,no,41.5,2,0,FALSE
47,no,yes,28.05,4,2,FALSE
59,no,yes,21.66,3,0,FALSE
151,no,no,33.12,3,0,FALSE
129,no,no,9.3,4,1,FALSE
107,no,yes,48.18,7,2,FALSE
76,no,no,15.39,2,1,FALSE
24,no,no,40.05,2,0,FALSE
169,no,no,24.23,4,2,FALSE
30,no,no,9.18,8,1,FALSE
70,no,no,36.52,3,3,FALSE
3,no,no,23.63,3,4,FALSE
38,no,no,19.94,2,2,FALSE
104,no,no,44.88,8,3,FALSE
27,no,no,14.04,4,1,FALSE
166,yes,yes,29.89,5,1,FALSE
13,no,no,37.47,8,2,FALSE
52,no,no,36.89,4,2,FALSE
114,no,yes,21.93,5,1,FALSE
156,no,no,25.59,3,1,FALSE
90,no,yes,32.86,4,0,FALSE
62,no,no,32.22,5,2,FALSE
82,no,yes,23.43,6,2,FALSE
52,no,no,21.98,4,3,FALSE
146,no,no,19.65,6,1,FALSE
120,no,yes,37.72,5,2,FALSE
90,no,no,10.42,9,1,FALSE
147,yes,no,31.25,4,1,FALSE
74,no,yes,26.2,2,4,FALSE
130,no,no,42.84,5,0,FALSE
155,yes,no,27.73,3,0,FALSE
87,no,no,33.71,4,2,FALSE
99,no,no,21.81,9,2,FALSE
131,no,no,31.94,11,2,FALSE
130,no,yes,43.72,4,1,FALSE
99,no,no,21.18,6,1,FALSE
36,no,no,29.77,3,1,FALSE
87,no,no,21.13,5,3,FALSE
139,no,no,46.17,9,2,FALSE
189,no,no,37.38,7,1,FALSE
96,no,yes,31.16,15,3,FALSE
112,no,no,17.19,5,2,FALSE
75,no,no,34.56,3,1,FALSE
178,no,yes,29.82,3,2,FALSE
108,no,yes,29.17,7,0,FALSE
100,no,no,13.38,8,0,FALSE
121,no,yes,36.02,2,0,FALSE
116,no,no,10.83,6,1,FALSE
161,no,no,29.48,4,1,FALSE
19,yes,no,40.41,4,0,FALSE
104,no,no,38.4,4,1,FALSE
119,yes,yes,29.41,4,0,FALSE
125,no,no,38.23,2,0,FALSE
156,no,no,40.41,4,1,FALSE
109,no,no,23.29,5,2,FALSE
95,no,no,24.23,3,2,FALSE
90,no,no,24.21,4,1,FALSE
105,no,yes,24.99,3,2,FALSE
101,no,no,37.45,4,1,FALSE
95,no,no,25.36,2,1,FALSE
123,no,no,34.75,4,0,FALSE
160,no,no,36.86,2,1,FALSE
141,no,yes,52.36,3,1,FALSE
87,no,no,9.86,3,0,FALSE
81,no,no,29.44,6,2,FALSE
75,no,yes,35.75,3,4,FALSE
126,no,yes,10.01,6,0,FALSE
28,no,no,40.26,3,3,FALSE
153,no,no,38.91,2,0,FALSE
115,no,no,24.94,4,2,FALSE
95,no,no,40.34,6,1,FALSE
105,no,yes,31.77,2,1,FALSE
121,no,no,14.64,9,2,FALSE
125,no,no,36.09,2,2,FALSE
124,no,no,25.67,2,2,FALSE
35,no,no,26.96,5,2,FALSE
123,no,yes,36.09,2,3,FALSE
124,no,no,39.85,6,3,FALSE
133,no,no,30.06,3,2,FALSE
185,no,yes,26.74,6,0,FALSE
1,no,yes,24.92,2,1,FALSE
107,no,no,44.29,5,1,FALSE
91,no,yes,24.84,3,1,FALSE
123,no,no,35.6,11,1,FALSE
135,no,no,32.45,2,1,FALSE
85,no,no,24.55,3,1,FALSE
134,no,yes,35.5,4,2,FALSE
148,no,yes,13.19,2,1,FALSE
138,no,no,40.94,1,0,FALSE
159,no,no,19.52,5,0,FALSE
103,no,yes,23.6,7,1,FALSE
150,no,yes,35.67,6,0,FALSE
37,no,no,22.93,2,3,FALSE
33,yes,no,27.88,4,0,FALSE
55,no,no,41.74,4,1,FALSE
134,no,yes,13.65,3,0,FALSE
107,no,no,15.42,5,2,FALSE
80,no,yes,32.35,4,1,FALSE
61,no,yes,42.91,3,2,FALSE
97,no,yes,31.18,4,5,FALSE
136,yes,no,31.18,9,2,FALSE
135,no,no,26.38,9,3,FALSE
87,no,yes,28.19,0,1,FALSE
165,no,no,35.6,1,0,FALSE
99,no,no,29.6,2,2,FALSE
123,no,no,29.87,2,2,FALSE
127,yes,no,43.61,3,1,FALSE
151,no,no,28.93,3,0,FALSE
185,no,no,23.73,4,1,FALSE
65,no,yes,35.5,4,4,FALSE
58,no,no,35.72,2,4,FALSE
104,no,no,19.31,6,2,FALSE
44,no,no,34.44,3,0,FALSE
58,no,no,29.65,0,4,FALSE
108,no,no,35.8,5,0,FALSE
132,no,no,20.66,4,1,FALSE
80,no,no,21.73,2,2,FALSE
162,no,no,22.98,2,2,FALSE
110,no,no,16.9,3,2,FALSE
125,no,yes,20.49,3,1,FALSE
170,no,no,31.3,3,2,FALSE
71,no,no,31.45,4,3,FALSE
124,no,no,27.35,12,1,FALSE
68,no,no,35.29,6,2,FALSE
97,no,no,35.56,6,1,FALSE
98,yes,no,26.93,4,1,FALSE
136,no,no,34.77,2,0,FALSE
96,no,yes,18.46,4,0,FALSE
31,no,no,16.58,5,1,FALSE
72,no,no,28.31,5,0,FALSE
24,no,no,26.55,5,1,FALSE
112,no,yes,38.28,1,4,FALSE
137,no,yes,29.8,2,0,FALSE
136,no,no,17.36,5,0,FALSE
95,no,no,26.84,2,0,FALSE
82,no,yes,24.91,4,1,FALSE
56,yes,no,30.21,5,1,FALSE
155,yes,no,42.64,5,2,FALSE
53,no,no,20.35,7,2,FALSE
136,no,no,27.78,4,7,FALSE
57,no,no,27.37,4,3,FALSE
62,no,no,21.88,5,1,FALSE
112,no,no,13.87,18,1,FALSE
55,no,yes,35.31,1,1,FALSE
125,no,no,39.66,4,1,FALSE
105,no,no,42.77,5,1,FALSE
113,no,yes,31.25,7,0,FALSE
103,no,no,30.63,3,1,FALSE
177,no,no,38.73,5,1,FALSE
149,no,yes,25.13,6,0,FALSE
116,no,no,18.85,2,2,FALSE
90,no,yes,21.17,12,1,FALSE
95,no,no,9.89,5,0,FALSE
201,no,no,36.16,6,1,FALSE
80,no,no,25.76,4,0,FALSE
122,yes,no,24.87,5,1,FALSE
132,no,no,33.17,2,0,FALSE
83,no,no,35.51,5,1,FALSE
46,no,no,20.77,6,1,FALSE
87,no,no,26.06,5,2,FALSE
150,no,no,36.38,4,1,FALSE
73,no,no,33.12,6,1,FALSE
7,no,no,35.14,5,3,FALSE
89,no,yes,31.96,3,2,FALSE
105,no,no,44.08,5,3,FALSE
47,no,yes,29.39,6,1,FALSE
101,yes,no,26.59,5,1,FALSE
182,no,yes,21.78,3,1,FALSE
161,no,no,33.42,3,1,FALSE
69,no,yes,33.13,2,2,FALSE
113,no,yes,7.63,3,1,FALSE
87,no,yes,44.68,2,0,FALSE
71,no,no,35.9,3,0,FALSE
76,no,no,34.68,5,1,FALSE
87,no,no,37.94,4,3,FALSE
117,no,no,20.23,3,1,FALSE
95,no,no,22.85,3,1,FALSE
76,no,no,29.09,3,1,FALSE
66,no,no,28.99,2,2,FALSE
110,no,no,30.35,7,1,FALSE
204,no,no,34.88,5,3,FALSE
32,no,yes,39.58,2,0,FALSE
133,no,yes,40.78,3,5,FALSE
185,no,no,9.45,3,2,FALSE
103,no,yes,26.1,3,1,FALSE
91,no,no,18.67,3,1,FALSE
131,no,no,33.34,6,2,FALSE
153,no,no,28.36,4,0,FALSE
132,no,yes,19.24,7,2,FALSE
148,no,no,34.51,9,1,FALSE
141,no,no,41.28,3,5,FALSE
105,no,no,26.61,2,2,FALSE
127,no,yes,30.94,4,1,FALSE
57,no,no,14.6,2,0,FALSE
123,no,yes,24.92,7,0,FALSE
101,no,no,20.16,5,1,FALSE
123,no,yes,33.59,12,2,FALSE
78,no,yes,35.75,4,6,FALSE
101,no,yes,37.45,6,4,FALSE
129,no,no,25.5,6,1,FALSE
67,no,yes,27.49,4,0,FALSE
37,no,no,32.54,5,3,FALSE
64,yes,no,24.94,3,3,FALSE
173,no,no,18.6,7,1,FALSE
135,no,no,24.5,3,1,FALSE
75,no,yes,42.31,8,1,FALSE
112,no,no,36.52,5,3,FALSE
113,no,no,27.01,4,0,FALSE
121,no,yes,18.7,3,2,FALSE
70,no,no,25.98,2,1,FALSE
90,no,no,24.75,4,0,FALSE
39,no,no,15.86,4,0,FALSE
142,no,no,36.86,2,0,FALSE
176,no,no,34.32,2,1,FALSE
105,no,no,24.89,2,1,FALSE
110,no,no,3.21,4,1,FALSE
88,no,no,29.38,5,2,FALSE
95,no,no,32.33,6,0,FALSE
147,no,no,22.2,3,3,FALSE
115,no,no,28.31,2,1,FALSE
103,no,no,21.98,2,2,FALSE
82,no,no,33.88,10,0,FALSE
141,no,no,31.47,7,0,FALSE
149,no,no,29.82,2,2,FALSE
131,no,no,44.78,2,2,FALSE
119,no,no,16.01,3,1,FALSE
112,no,no,32.2,8,3,FALSE
116,no,yes,20.06,2,2,FALSE
94,no,no,36.06,5,3,FALSE
90,no,no,37.74,6,2,FALSE
114,no,yes,37.88,4,0,FALSE
63,no,yes,32.3,2,1,FALSE
122,no,yes,33.22,6,3,FALSE
166,no,no,33.93,5,3,FALSE
62,no,no,17,4,0,FALSE
78,no,yes,27.3,1,2,FALSE
148,no,yes,26.98,3,1,FALSE
110,no,yes,32.69,12,1,FALSE
84,no,yes,32.81,5,2,FALSE
113,no,no,12.33,3,1,FALSE
181,no,yes,17.88,3,2,FALSE
51,no,no,30.69,3,2,FALSE
102,no,yes,36.5,2,0,FALSE
107,no,no,14.76,3,1,FALSE
82,no,no,23.02,4,0,FALSE
204,no,no,29.63,3,6,FALSE
130,no,no,34.66,4,3,FALSE
174,no,no,40.04,5,0,FALSE
129,no,no,26.69,2,2,FALSE
190,yes,no,19.02,7,3,FALSE
54,yes,no,40.17,8,3,FALSE
78,no,no,27.81,9,0,FALSE
100,no,yes,36.31,3,1,FALSE
70,no,yes,24.38,4,3,FALSE
111,no,no,13.31,4,1,FALSE
117,no,no,16.51,3,1,FALSE
68,no,no,16,2,0,FALSE
91,no,no,22.75,2,1,FALSE
181,no,yes,32.35,4,1,FALSE
118,no,yes,50.13,5,3,FALSE
112,no,no,31.52,11,2,FALSE
93,no,no,30.52,4,0,FALSE
102,no,no,26.86,10,0,FALSE
93,no,no,29.41,2,0,FALSE
107,no,yes,22.81,5,1,FALSE
100,no,yes,21.28,9,3,FALSE
115,no,no,33.3,1,2,FALSE
63,no,yes,36.41,2,0,FALSE
57,no,no,37.59,1,0,FALSE
119,no,yes,22.44,5,1,FALSE
73,no,no,26.79,4,1,FALSE
98,no,yes,18.75,8,2,FALSE
139,yes,no,27.46,13,0,FALSE
31,no,yes,29.21,7,1,FALSE
129,no,yes,35.87,5,1,FALSE
139,no,no,23.63,1,0,FALSE
102,no,no,39.92,1,4,FALSE
149,no,no,31.89,1,1,FALSE
113,no,no,27.17,7,2,FALSE
131,no,yes,30.11,5,1,FALSE
83,no,no,20.04,10,0,FALSE
96,no,yes,42.09,6,2,FALSE
98,no,no,28.88,7,1,FALSE
3,no,no,31.45,3,3,FALSE
77,no,yes,34.83,5,0,FALSE
75,no,yes,38.34,2,3,FALSE
108,no,no,40.68,6,0,FALSE
16,no,no,27.52,11,3,FALSE
115,no,yes,22.66,4,2,FALSE
108,no,yes,29.02,1,3,FALSE
107,no,no,32.25,3,5,FALSE
147,no,no,21.15,4,2,FALSE
107,no,no,24.97,5,3,FALSE
120,no,no,32.74,3,1,FALSE
107,no,yes,16.37,2,1,FALSE
58,no,no,22.42,5,3,FALSE
91,no,no,25.02,3,2,FALSE
13,no,no,24.33,5,2,FALSE
104,no,no,47.67,6,5,FALSE
93,no,yes,40.32,4,1,FALSE
95,no,no,31.31,4,2,FALSE
104,no,no,18.55,4,3,FALSE
62,no,no,31.76,4,3,FALSE
143,no,no,26.42,5,1,FALSE
62,no,no,41.7,4,4,FALSE
41,no,no,35.22,4,1,FALSE
34,no,yes,25.76,5,2,FALSE
183,no,no,32.3,4,1,FALSE
94,no,no,37.54,4,2,FALSE
73,no,yes,29.53,3,2,FALSE
123,no,no,19.52,4,2,FALSE
64,no,no,19.35,1,3,FALSE
33,no,no,31.35,5,3,FALSE
27,no,no,38.66,6,1,FALSE
123,no,no,38.08,5,0,FALSE
148,no,no,36.75,5,2,FALSE
81,no,no,22.08,3,0,FALSE
122,no,yes,39.12,3,2,FALSE
52,no,no,34.75,5,1,FALSE
91,no,yes,36.82,3,1,FALSE
152,no,no,38.78,2,1,FALSE
67,no,no,19.64,6,0,FALSE
100,no,no,37.2,6,1,FALSE
41,no,no,38.05,5,3,FALSE
133,no,no,24.45,4,3,FALSE
36,no,yes,5.08,6,2,FALSE
51,no,yes,47.04,3,0,FALSE
122,no,no,24.04,4,0,FALSE
84,no,yes,26.16,5,1,FALSE
91,no,no,32.39,5,0,FALSE
110,no,no,32.74,4,1,FALSE
91,yes,no,25.81,4,1,FALSE
121,no,no,36.65,4,5,FALSE
109,no,no,30.6,8,3,FALSE
95,no,no,26.74,4,2,FALSE
72,no,no,33.41,3,0,FALSE
73,no,no,40.85,3,0,FALSE
108,no,no,32.86,6,3,FALSE
58,no,yes,36.02,4,1,FALSE
148,yes,no,37.18,5,1,FALSE
35,no,yes,30.8,3,2,FALSE
88,no,no,19.33,3,1,FALSE
67,no,yes,29.7,1,0,FALSE
77,no,yes,35.89,9,2,FALSE
124,no,no,28.78,3,1,FALSE
30,no,no,42.06,2,0,FALSE
53,no,yes,22.3,2,2,FALSE
152,no,no,27.44,5,1,FALSE
100,yes,no,18.22,4,1,FALSE
59,no,yes,36.02,5,1,FALSE
143,no,no,27.27,4,3,FALSE
142,no,yes,39.22,3,1,FALSE
105,no,no,39.54,9,1,FALSE
143,no,no,22.68,13,1,FALSE
93,no,yes,52.05,2,0,FALSE
79,no,no,40.26,5,2,FALSE
93,yes,no,28.63,3,1,FALSE
103,no,no,12.05,6,2,FALSE
144,no,yes,17.85,4,0,FALSE
93,no,no,25.86,7,1,FALSE
149,yes,no,30.75,9,3,FALSE
23,no,yes,26.62,6,1,FALSE
221,no,yes,30.69,3,0,FALSE
164,no,yes,40.6,8,1,FALSE
104,no,yes,30.96,9,2,FALSE
150,no,yes,23.73,2,2,FALSE
184,no,yes,34.05,5,0,FALSE
88,no,no,26.1,6,1,FALSE
61,yes,yes,21.79,6,3,FALSE
110,no,no,27.12,2,2,FALSE
33,no,no,42.82,3,2,FALSE
209,no,no,26.13,2,0,FALSE
27,no,no,39.46,6,5,FALSE
117,no,no,34.32,10,1,FALSE
87,no,no,31.77,14,1,FALSE
129,no,yes,33.42,5,1,FALSE
142,no,no,39.46,3,1,FALSE
112,no,no,28.22,7,0,FALSE
75,no,yes,34.1,5,1,FALSE
97,no,yes,23.97,2,3,FALSE
121,no,yes,41.65,8,0,FALSE
142,yes,no,23.94,7,1,FALSE
87,no,yes,21.25,7,2,FALSE
34,no,no,30.7,3,1,FALSE
58,no,yes,30.28,2,0,FALSE
101,no,no,39.32,7,1,FALSE
89,no,no,18.9,2,3,FALSE
93,no,no,24.87,3,0,FALSE
160,no,no,35.07,6,0,FALSE
55,no,no,22.44,4,0,FALSE
88,no,no,46.68,4,2,FALSE
63,no,no,31.5,3,0,FALSE
127,no,yes,26.32,4,1,FALSE
57,no,yes,30.46,5,1,FALSE
115,no,no,45.56,1,3,FALSE
171,no,no,23.38,5,2,FALSE
148,no,no,41.31,5,2,FALSE
127,no,no,22.93,2,1,FALSE
61,no,no,39.81,2,1,FALSE
131,no,no,29.77,6,1,FALSE
88,no,no,24.17,5,1,FALSE
130,no,no,22.51,1,2,FALSE
89,no,yes,16.63,2,0,FALSE
138,no,yes,26.38,4,3,FALSE
115,no,no,34.03,3,1,FALSE
117,yes,no,33.73,5,1,FALSE
60,no,no,30.65,6,2,FALSE
62,no,no,14.67,1,2,FALSE
131,no,no,40.95,8,3,FALSE
65,no,no,35.31,5,1,FALSE
120,no,yes,21.85,0,1,FALSE
142,no,yes,38.15,2,1,FALSE
134,no,no,28.03,9,2,FALSE
87,no,no,40.46,6,2,FALSE
139,no,yes,39.27,5,2,FALSE
100,no,no,31.45,8,1,FALSE
99,no,yes,41.5,4,3,FALSE
99,no,no,40.53,4,3,FALSE
48,no,yes,23.99,2,1,FALSE
57,no,no,26.88,7,0,FALSE
106,no,yes,37.42,8,0,FALSE
78,no,no,18.62,9,1,FALSE
39,no,no,31.82,5,1,FALSE
127,no,no,18.34,0,0,FALSE
114,no,no,34.65,4,1,FALSE
95,no,no,27.2,4,0,FALSE
116,no,no,8.69,3,1,FALSE
110,no,no,38.71,5,1,FALSE
74,no,no,34.65,2,1,FALSE
148,no,yes,41.09,3,1,FALSE
83,no,no,13.28,4,1,FALSE
73,no,no,31.93,4,2,FALSE
111,no,yes,21.61,3,1,FALSE
75,yes,no,26.04,3,1,FALSE
114,no,yes,23.31,7,2,FALSE
58,no,yes,38.1,7,2,FALSE
106,no,yes,14.21,3,1,FALSE
172,no,no,34.66,4,4,FALSE
45,no,no,35.92,6,1,FALSE
100,yes,no,37.3,4,4,FALSE
94,no,no,32.37,17,2,FALSE
128,no,no,25.11,5,2,FALSE
181,no,no,39.08,4,2,FALSE
127,no,no,17.48,5,1,FALSE
89,no,no,30.38,4,1,FALSE
149,no,yes,25.25,4,0,FALSE
103,no,yes,27.9,9,0,FALSE
163,yes,no,33.52,8,1,FALSE
52,no,no,21.23,4,2,FALSE
89,no,no,19.62,6,3,FALSE
60,no,no,32.96,8,3,FALSE
159,no,no,28.87,4,1,FALSE
78,no,no,32.88,4,2,FALSE
96,no,no,18.12,7,1,FALSE
79,no,no,22.9,5,2,FALSE
192,no,yes,26.55,6,2,FALSE
68,no,no,39.29,4,3,FALSE
28,no,no,30.74,6,2,FALSE
184,yes,no,36.35,10,2,FALSE
74,no,yes,39.85,4,0,FALSE
126,yes,no,40.75,1,1,TRUE
77,no,yes,24.31,4,5,TRUE
92,no,yes,34.22,6,1,TRUE
139,yes,yes,34.6,6,1,TRUE
89,no,no,55.47,1,1,TRUE
114,no,no,25.01,3,5,TRUE
37,no,no,40.78,4,2,TRUE
100,yes,no,27.18,2,2,TRUE
132,no,no,33.63,3,4,TRUE
40,no,no,13.89,3,6,TRUE
75,no,no,18.53,3,4,TRUE
105,no,yes,18.63,4,4,TRUE
182,no,no,47.52,4,2,TRUE
152,yes,yes,24.96,2,1,TRUE
129,no,no,23.43,6,1,TRUE
116,yes,yes,27.59,2,3,TRUE
143,no,no,28.53,6,4,TRUE
21,no,no,15.74,3,5,TRUE
111,no,no,20.93,2,5,TRUE
57,yes,no,19.55,1,0,TRUE
92,no,no,31.4,6,2,TRUE
125,no,no,19.21,5,2,TRUE
119,no,no,50.01,1,0,TRUE
138,yes,yes,35.9,2,3,TRUE
19,no,no,44.1,3,1,TRUE
58,no,no,42.02,2,2,TRUE
152,no,no,54.03,7,1,TRUE
124,no,no,53.04,4,1,TRUE
131,no,no,22.37,3,1,TRUE
123,no,no,20.94,5,4,TRUE
122,no,no,39.3,5,1,TRUE
115,yes,no,58.7,8,1,TRUE
25,no,no,45.03,4,1,TRUE
97,no,no,38.27,4,0,TRUE
86,yes,no,27.61,2,2,TRUE
145,no,no,38.11,3,1,TRUE
125,yes,no,50.73,2,0,TRUE
147,yes,yes,26.78,2,3,TRUE
105,no,no,38.57,2,0,TRUE
141,no,yes,54.81,3,1,TRUE
91,yes,no,41.89,2,2,TRUE
116,no,no,48.96,4,0,TRUE
88,no,no,51.26,2,4,TRUE
50,yes,no,16.93,6,2,TRUE
188,yes,yes,33.8,3,1,TRUE
103,yes,no,43.5,2,1,TRUE
65,yes,no,47.24,10,0,TRUE
180,no,no,38.23,5,3,TRUE
44,no,no,52.46,3,4,TRUE
121,no,no,24.62,9,0,TRUE
125,yes,yes,44.34,6,1,TRUE
125,no,no,40.92,3,0,TRUE
74,no,no,53.4,5,3,TRUE
209,no,no,43.37,5,3,TRUE
132,no,no,49.5,3,1,TRUE
63,no,no,44.51,4,0,TRUE
182,no,no,47.45,11,2,TRUE
127,no,no,41.68,6,0,TRUE
130,yes,no,36.75,2,5,TRUE
90,yes,yes,28.73,3,0,TRUE
61,no,yes,17.85,2,2,TRUE
147,no,no,46.58,1,0,TRUE
137,yes,no,40.34,4,0,TRUE
161,no,no,26.3,2,4,TRUE
134,no,yes,42.02,5,2,TRUE
62,yes,yes,37.13,3,0,TRUE
119,no,no,40.65,3,3,TRUE
38,no,no,29.87,3,5,TRUE
109,no,yes,18.9,6,6,TRUE
137,yes,no,43.86,3,0,TRUE
52,yes,no,42.74,2,0,TRUE
130,no,no,44.83,6,1,TRUE
159,no,no,28.46,3,0,TRUE
81,no,no,55.2,5,0,TRUE
89,no,no,21.96,4,5,TRUE
123,yes,no,21.34,6,4,TRUE
112,no,no,45.22,2,2,TRUE
97,no,yes,15.3,6,2,TRUE
17,yes,no,27.68,3,0,TRUE
134,no,no,50.32,10,0,TRUE
178,yes,no,21.17,2,2,TRUE
170,no,no,48.57,4,1,TRUE
93,no,no,46.09,6,1,TRUE
78,no,no,18.46,5,1,TRUE
85,no,yes,15.27,7,4,TRUE
148,no,no,47.48,2,2,TRUE
96,no,no,47.07,3,1,TRUE
168,no,no,27.78,2,2,TRUE
72,no,no,48.86,3,4,TRUE
24,no,no,25.33,3,2,TRUE
44,no,no,49.1,2,0,TRUE
117,yes,no,48.86,3,1,TRUE
145,no,no,41.79,13,1,TRUE
133,no,no,20.03,4,0,TRUE
123,no,no,41.17,3,5,TRUE
95,no,no,21.86,2,6,TRUE
1,no,no,30.96,3,5,TRUE
98,no,yes,28.56,2,6,TRUE
99,no,no,43.59,1,3,TRUE
160,no,no,39.93,2,1,TRUE
148,yes,no,39.7,2,0,TRUE
147,no,yes,33.54,4,2,TRUE
99,no,no,23.07,3,7,TRUE
84,no,no,38.4,3,3,TRUE
131,yes,no,20.79,3,3,TRUE
108,yes,no,19.57,3,2,TRUE
128,no,no,38.74,7,1,TRUE
177,no,no,45.24,8,3,TRUE
169,no,no,45.34,3,3,TRUE
103,no,yes,18.79,2,4,TRUE
88,no,no,14.57,3,4,TRUE
57,no,no,46.36,3,2,TRUE
101,no,no,26.93,4,4,TRUE
130,no,no,46.21,2,4,TRUE
154,no,no,26.27,2,3,TRUE
75,no,no,51.87,5,0,TRUE
88,no,no,22.36,2,5,TRUE
27,no,no,38.47,3,2,TRUE
115,no,no,23.68,3,7,TRUE
108,no,no,49.57,9,2,TRUE
40,no,no,28.85,3,4,TRUE
100,no,no,19.26,2,4,TRUE
161,no,no,54.79,5,2,TRUE
35,no,no,23.48,2,5,TRUE
60,yes,no,35,2,0,TRUE
56,no,no,37.72,5,0,TRUE
127,yes,no,24.34,4,4,TRUE
54,no,no,42.08,2,2,TRUE
201,no,no,38.4,4,1,TRUE
78,no,no,17.6,3,4,TRUE
76,yes,no,41.96,5,0,TRUE
103,no,no,29.7,3,6,TRUE
87,no,no,40.8,2,0,TRUE
111,no,no,50.1,3,1,TRUE
68,yes,yes,21.37,6,3,TRUE
115,no,no,38.49,4,3,TRUE
100,no,no,44.97,4,2,TRUE
121,no,no,43.37,3,3,TRUE
177,yes,no,42.28,2,1,TRUE
113,yes,no,20.77,9,5,TRUE
77,yes,yes,17.54,2,0,TRUE
146,no,no,23.53,9,4,TRUE
138,yes,no,48.65,4,2,TRUE
82,no,no,45.37,6,3,TRUE
84,no,no,49.15,2,2,TRUE
133,no,no,50.15,4,2,TRUE
76,no,no,18.24,3,4,TRUE
170,no,yes,33.92,3,4,TRUE
119,yes,yes,29.26,20,1,TRUE
84,no,no,47.6,4,0,TRUE
71,yes,no,31.64,5,4,TRUE
122,yes,no,23.8,4,4,TRUE
62,no,no,54.59,2,4,TRUE
117,no,no,20.13,3,5,TRUE